Наименование,Код ТНВЭД,Цена без НДС,Импорт,Производитель,Дата цены,Требования и техпараметры,Примечание,Перечень БЭСК,Единственный производитель в РБ,Наличие отечественного производителя,Наличие производителя в ГПО,Еденица измерения количества,Не РЗА,Золото,Серебро,Фото
Автомат 50А/2 полюса/хар-ка С/DC/2.2кА,8536201008,5,Да,,14.01.2015,,,Автоматические выключатели,Нет,Нет,Нет,шт.,Нет,,,0
Автомат ВА 47-29 10 А/ 2 полюса/хар-ка С,8536201008,4.48,Да,Группа компаний IEK,16.08.2018,10 А,,Автоматические выключатели,Нет,Нет,Нет,шт.,Нет,,,0
Автомат ВА 47-29 3 А/ 2 полюса/хар-ка С,8536201008,4.36,Да,Группа компаний IEK,16.08.2018,,,Автоматические выключатели,Нет,Нет,Нет,шт.,Нет,,,0
Автомат ВА 47-29 4 А/ 2 полюса/хар-ка С,8536201008,4.49,Да,Группа компаний IEK,16.08.2018,4 А,,Автоматические выключатели,Нет,Нет,Нет,шт.,Нет,,,0
Автомат ВА 47-29 4 А/ 3 полюса/хар-ка С,8536201008,14.53,Да,Группа компаний IEK,30.07.2020,4 А,,Автоматические выключатели,Нет,Нет,Нет,шт.,Нет,,,0
Автомат ВА 47-29 4 А/ 3 полюса/хар-ка B,8536201008,6,Да,Группа компаний IEK,16.08.2018,4 А,,Автоматические выключатели,Нет,Нет,Нет,шт.,Нет,,,0
Автомат ВА 47-29 40 А/ 2 полюса/хар-ка С,8536201008,9.97,Да,Группа компаний IEK,30.07.2020,,,Автоматические выключатели,Нет,Нет,Нет,шт.,Нет,,,0
Автомат ВА 47-29 6 А/3 полюса/хар-ка С,8536201008,16.37,Да,Группа компаний IEK,30.07.2020,,,Автоматические выключатели,Нет,Нет,Нет,шт.,Нет,,,0
Автомат ВА 57-31-801810 с нез.и тепл. расцепепителем,8536201008,61.28,Да,,30.07.2020,100 А,,Автоматические выключатели,Нет,Нет,Нет,шт.,Нет,,,0
Автомат ВА 57-31-841110-50 А-500 А-440 DC-УХЛ3-КЭАЗ,8536201008,61.28,Да,,30.07.2020,,,Автоматические выключатели,Нет,Нет,Нет,шт.,Нет,,,0
Автомат ВА-99М/63 тр50А с независимым расцепителем АС220В,8536201008,98,Да,,30.07.2020,,,Автоматические выключатели,Нет,Нет,Нет,шт.,Нет,,,0
Автомат ВА-99М/63 тр80А с независимым расцепителем АС 220В,8536201008,100,Да,,30.07.2020,,,Автоматические выключатели,Нет,Нет,Нет,шт.,Нет,,,0
Автомат РL7-3P 10А тип С 10кВ 3М,8536201008,16,Да,Eaton,05.10.2017,,,Автоматические выключатели,Нет,Нет,Нет,шт.,Нет,,,0
Автомат РL7-3P 25А тип С 10кВ 3М,8536201008,22,Да,Eaton,05.10.2017,,,Автоматические выключатели,Нет,Нет,Нет,шт.,Нет,,,0
Автомат РL7-3P 4А тип С 10кВ 3М,8536201008,18.57,Да,Eaton,05.10.2017,,,Автоматические выключатели,Нет,Нет,Нет,,Нет,,,0
Автомат РL7-3P 50А тип С 10кВ 3М,8536201008,25,Да,Eaton,05.10.2017,,,Автоматические выключатели,Нет,Нет,Нет,шт.,Нет,,,0
Автомат РL7-3P 6А тип С 10кВ 3М,8536201008,18.52,Да,Eaton,05.10.2017,,,Автоматические выключатели,Нет,Нет,Нет,шт.,Нет,,,0
Автомат PL7 В4/2 DC (Moeller),8536201008,29.47,Да,,16.08.2020,,,Автоматические выключатели,Нет,Нет,Нет,шт.,Нет,,,0
Автомат PL7 С4/2 DC (Moeller),8536201008,30.14,Да,,16.08.2018,,,Автоматические выключатели,Нет,Нет,Нет,шт.,Нет,,,0
Автомат PL7-16C/2-DC (Moeller),8536201008,22.9,Да,,16.08.2018,,,Автоматические выключатели,Нет,Нет,Нет,шт.,Нет,,,0
Автомат PL7-1C/2-DC (Moeller),8536201008,32.5,Да,,15.02.2015,,,Автоматические выключатели,Нет,Нет,Нет,шт.,Нет,,,0
Автомат PL7-2P 10А тип С 10кА. 2М,8536201008,26.93,Да,Eaton,05.10.2017,,,Автоматические выключатели,Нет,Нет,Нет,шт.,Нет,,,0
Автомат PL7-2P 10А тип С 10кА. 2М,8536201008,26.93,Да,Eaton,05.10.2017,,,Автоматические выключатели,Нет,Нет,Нет,шт.,Нет,,,0
Автомат PL7-2P 16А тип С 10кА. 2М,8536201008,26.93,Да,Eaton,05.10.2017,,,Автоматические выключатели,Нет,Нет,Нет,шт.,Нет,,,0
Автомат PL7-2P 2А тип С 10кА. 2М,8536201008,32.32,Да,Eaton,16.08.2018,,,Автоматические выключатели,Нет,Нет,Нет,шт.,Нет,,,0
Автомат PL7-2P 4А тип С 10кА. 2М,8536201008,32.32,Да,Eaton,16.08.2018,,,Автоматические выключатели,Нет,Нет,Нет,шт.,Нет,,,0
Автомат PL7-2P 6А тип С 10кА. 2М,8536201008,32.32,Да,Eaton,16.08.2018,,,Автоматические выключатели,Нет,Нет,Нет,шт.,Нет,,,0
Автомат PL7-3P 16А тип С 10кА. 2М,8536201008,32.32,Да,Eaton,16.08.2018,,,Автоматические выключатели,Нет,Нет,Нет,шт.,Нет,,,0
Автомат PL7-3P 25А тип С 10кА. 2М,8536201008,42,Да,Eaton,16.07.2021,,,Автоматические выключатели,Нет,Нет,Нет,шт.,Нет,,,0
Автомат PL7-DC2P 10А тип С 10кА. 2М,8536201008,27.79,Да,Eaton,16.08.2018,,,Автоматические выключатели,Нет,Нет,Нет,шт.,Нет,,,0
Автомат PL7-DC2P 2А тип С 10кА. 2М,8536201008,32.32,Да,Eaton,16.08.2018,,,Автоматические выключатели,Нет,Нет,Нет,шт.,Нет,,,0
Автомат PL7-DC2P 40А тип С 10кА. 2М,8536201008,22.87,Да,Eaton,05.10.2017,,,Автоматические выключатели,Нет,Нет,Нет,шт.,Нет,,,0
Автомат PL7-DC2P 4А тип С 10кА. 2М,8536201008,27.79,Да,Eaton,16.08.2018,,,Автоматические выключатели,Нет,Нет,Нет,шт.,Нет,,,0
Автомат PLSM-3P 3А тип В 10кА. 3М,8536201008,27.83,Да,Eaton,16.08.2018,,,Автоматические выключатели,Нет,Нет,Нет,шт.,Нет,,,0
Автоматический инструмент для удаления изоляции(KNIPEX 12 62 180 KN-1262180),8203,128,Да,,31.01.2019,Снятие изоляции проводов сечением 0.2-6мм,,Слесарный. монтажный. строительный. образивный инструмент и электроинструмент,Нет,Нет,Нет,шт.,Нет,,,0
Аккумулятор совместимый с шуруповёртом Bosch GSR 12-2,,60,Нет,Bosch,07.05.2020,NiCd. для строительного инструмента. 12 В. 1.5 А·ч,,Слесарный. монтажный. строительный. образивный инструмент и электроинструмент,Нет,Нет,Нет,шт.,Нет,,,0
Амперметр щитовой Э8030 М1,8536201008,26.12,Нет,,16.08.2018,,,1.1 Электротехническое оборудование: Радио-. электроизмерительные приборы. приборы релейной защиты и автоматического контроля. установки ии приборы для испытания электрооборудования,Нет,РБ,Нет,шт.,Нет,,,0
Амперметр Э365-1 200\5,8536201008,37,Да,,30.07.2020,,,1.1 Электротехническое оборудование: Радио-. электроизмерительные приборы. приборы релейной защиты и автоматического контроля. установки ии приборы для испытания электрооборудования,Нет,Нет,Нет,шт.,Нет,,,0
Амперметр Э365-1 300/5,8536201008,37,Да,,30.07.2020,,,1.1 Электротехническое оборудование: Радио-. электроизмерительные приборы. приборы релейной защиты и автоматического контроля. установки ии приборы для испытания электрооборудования,Нет,Нет,Нет,шт.,Нет,,,0
Амперметр ЭА 0702,8536201008,37,Да,,30.07.2020,,,1.1 Электротехническое оборудование: Радио-. электроизмерительные приборы. приборы релейной защиты и автоматического контроля. установки ии приборы для испытания электрооборудования,Нет,Нет,Нет,,Нет,,,0
Амперметр ЭА 7302 50/5,8536201008,37,Да,,30.07.2020,,,1.1 Электротехническое оборудование: Радио-. электроизмерительные приборы. приборы релейной защиты и автоматического контроля. установки ии приборы для испытания электрооборудования,Нет,Нет,Нет,шт.,Нет,,,0
Батарейки типа 3R12-4.5 В,8506101100,4.5,Да,,30.07.2020,,,Элементы питания и АКБ,Нет,Нет,Нет,шт.,Нет,,,0
Батарейки типа 6LR61-9 В,8506101100,3,Да,,30.07.2020,,,Элементы питания и АКБ,Нет,Нет,Нет,шт.,Нет,,,
Батарейки типа LR03-1.5 В,8506101100,0.6,Да,,30.07.2020,,,Элементы питания и АКБ,Нет,Нет,Нет,шт.,Нет,,,0
Батарейки типа LR6-1.5 В,8506101100,0.6,Да,,30.07.2020,,,Элементы питания и АКБ,Нет,Нет,Нет,шт.,Нет,,,0
Батарейки типа R-14-1.5 В,8506101100,2,Да,,30.07.2020,,,Элементы питания и АКБ,Нет,Нет,Нет,шт.,Нет,,,0
Батарейки типа R-20-1.5 В,8506101100,2.5,Да,,30.07.2020,,,Элементы питания и АКБ,Нет,Нет,Нет,шт.,Нет,,,0
Батарея аккумуляторная Kiper GP 12280 12V/28Aч,8506101100,91.49,Да,,15.02.2015,,,Элементы питания и АКБ,Нет,Нет,Нет,шт.,Нет,,,0
Блок БР-8 (РУП БЭМН),8536,55.2,Нет,"РУП ""БЭМН""",04.09.2019,220 В. 10 Вт. 15кОм,,Электроаппараты,Да,РБ,Есть,шт.,Нет,,,0
Блок винтовой распредилительный SVВ 125 LG,8536,80,Да,,30.07.2020,,,Электроаппараты,Нет,Нет,Нет,шт.,Нет,,,0
Блок винтовой распредилительный SVВ 175/3 LG,8536,120,Да,,30.07.2020,,,Электроаппараты,Нет,Нет,Нет,шт.,Нет,,,0
Блок испытательный БИ-4,8536,44,Нет,,16.08.2018,,,Электроаппараты,Нет,РБ,Нет,шт.,Нет,,,0
Блок испытательный БИ-6,8536,60,Нет,,16.08.2018,,,Электроаппараты,Нет,РБ,Нет,шт.,Нет,,,0
Блок конденсаторный БК-101 (пр-во Механотроника РФ),8536,300,Да,Механотроника,30.07.2020,,,1.1 Электротехническое оборудование: Электропреобразовательные и выпрямительные устройства (ЧРЭП. система возбуждения. источники бесперебойного питания. зарядно-подзарядные устройства и т.п.),Нет,Нет,Нет,шт.,Нет,,,0
Блок конденсаторов БК401 (ЧЭАЗ г.Чебоксары),8536,180.72,Да,,16.08.2018,,,1.1 Электротехническое оборудование: Электропреобразовательные и выпрямительные устройства (ЧРЭП. система возбуждения. источники бесперебойного питания. зарядно-подзарядные устройства и т.п.),Нет,Нет,Нет,шт.,Нет,,,0
Блок конденсаторов БК402 (ЧЭАЗ г.Чебоксары),8536,180.72,Да,,16.08.2018,,,1.1 Электротехническое оборудование: Электропреобразовательные и выпрямительные устройства (ЧРЭП. система возбуждения. источники бесперебойного питания. зарядно-подзарядные устройства и т.п.),Нет,Нет,Нет,шт.,Нет,,,0
Блок конденсаторов БК403 (ЧЭАЗ г.Чебоксары),8536,240.96,Да,,16.08.2018,,,1.1 Электротехническое оборудование: Электропреобразовательные и выпрямительные устройства (ЧРЭП. система возбуждения. источники бесперебойного питания. зарядно-подзарядные устройства и т.п.),Нет,Нет,Нет,шт.,Нет,,,0
Блок настроки ДГК БАНК-10,8536,500,Нет,"ОАО ""БЭРН""",14.01.2015,,,Электроаппараты,Нет,РБ,Есть,шт.,Нет,,,0
Блок питания БПКА-300 (РУП БЭМН),8504403009,630.2,Нет,"РУП ""БЭМН""",04.09.2019,5А. 220 В,,1.1 Электротехническое оборудование: Электропреобразовательные и выпрямительные устройства (ЧРЭП. система возбуждения. источники бесперебойного питания. зарядно-подзарядные устройства и т.п.),Нет,РБ,Есть,шт.,Нет,,,0
Блок питания БПТ 615.1-5/15 (РУП БЭМН),8504403009,271,Нет,"РУП ""БЭМН""",04.09.2019,5А. 220 В,,1.1 Электротехническое оборудование: Электропреобразовательные и выпрямительные устройства (ЧРЭП. система возбуждения. источники бесперебойного питания. зарядно-подзарядные устройства и т.п.),Нет,РБ,Есть,шт.,Нет,,,0
Блок питания БПТМ 610 (РУП БЭМН),8504403009,345.5,Нет,"РУП ""БЭМН""",04.09.2019,5А. 220 В,,1.1 Электротехническое оборудование: Электропреобразовательные и выпрямительные устройства (ЧРЭП. система возбуждения. источники бесперебойного питания. зарядно-подзарядные устройства и т.п.),Да,РБ,Есть,шт.,Нет,,,0
Блок питания и заряда БПЗ-401 (ЧЭАЗ г.Чебоксары). вход и выход 220В,8504403009,61.33,Да,,16.08.2018,,,1.1 Электротехническое оборудование: Электропреобразовательные и выпрямительные устройства (ЧРЭП. система возбуждения. источники бесперебойного питания. зарядно-подзарядные устройства и т.п.),Нет,Нет,Нет,шт.,Нет,,,0
Блок питания конденсаторный ПИОН-К (МТ технологии РФ),8504403009,672,Нет,"НПП ""Миропроцессорные технологии""",16.08.2018,,,1.1 Электротехническое оборудование: Электропреобразовательные и выпрямительные устройства (ЧРЭП. система возбуждения. источники бесперебойного питания. зарядно-подзарядные устройства и т.п.),Нет,РБ,Есть,шт.,Нет,,,0
Блок управления TER_CM_16_2,8536,1050,Нет,,20.08.2018,,,Электроаппараты,Нет,Нет,Нет,шт.,Нет,,,0
Блок-контакт универсальный Z-NHK 4А. 2 пер.котакта 0.5м для РL7,8536,15.28,Да,Eaton,16.08.2018,,,Автоматические выключатели,Нет,Нет,Нет,шт.,Нет,,,0
Блоки для вакуумного выключателя BU/TEL 05 и BP/TEL 02,8504403009,320,Да,,30.07.2020,,,Электроаппараты,Нет,Нет,Нет,шт.,Нет,,,0
Блоки управления РиМ БУ-11 У2 Новосибирск,8504403009,850,Да,,30.07.2020,,,Электроаппараты,Нет,Нет,Нет,шт.,Нет,,,0
Бокорезы 160мм (DIN ISO 5749В. 64НRC. 1000V),8536,40,Да,,30.07.2020,,,Электроаппараты,Нет,РБ,Нет,шт.,Нет,,,0
"В/ч пост ПВЗ-90М (""Зенит"" г.Могилёв)",8536,286.85,Нет,,14.01.2015,,,Электроаппараты,Нет,РБ,Есть,шт.,Нет,,,0
В\ч кабель РК-75-9-12 (13-15),8544598000,3,Да,,30.07.2020,,,Электроаппараты,Нет,Нет,Нет,шт.,Нет,,,0
ВГТ-110кВ,8203,38000,Да,,,,,1.1 Электротехническое оборудование: Высоковольтные выключатели всех типов и запасные части к ним,Нет,Нет,Нет,шт.,Нет,,,0
Вентилятор 120х120х38мм 220В AC (скольжения),8536,30,Нет,,27.01.2020,,,Электроаппараты,Нет,,,шт.,Нет,,,0
Вентилятор с фильтром FF 018,8536,250,Да,STEGO,30.07.2020,,,Электроаппараты,Нет,Нет,Нет,шт.,Нет,,,0
Вентилятор RFP 018 с фильтром. 64Вт. 230VAC. 650(500)м3/ч. для монтажа на крыше. RAL7035. IP32,8536,414,Да,STEGO,05.10.2017,,,Электроаппараты,Нет,Нет,Нет,шт.,Нет,,,0
Вольтметр М381 пост. 0-300В,8536,80,Нет,,30.07.2020,,,1.1 Электротехническое оборудование: Радио-. электроизмерительные приборы. приборы релейной защиты и автоматического контроля. установки ии приборы для испытания электрооборудования,Нет,РБ,Нет,шт.,Нет,,,0
Вольтметр щитовой стрелочный ЭВ120Ц 1.5-42кВ,8536,80,Да,,30.07.2020,,,1.1 Электротехническое оборудование: Радио-. электроизмерительные приборы. приборы релейной защиты и автоматического контроля. установки ии приборы для испытания электрооборудования,Нет,Нет,Нет,шт.,Нет,,,0
Вольтметр Э8030 М1 12кВ,8536,30.72,Нет,,16.08.2018,,,1.1 Электротехническое оборудование: Радио-. электроизмерительные приборы. приборы релейной защиты и автоматического контроля. установки ии приборы для испытания электрооборудования,Нет,РБ,Нет,шт.,Нет,,,0
Вольтметр ЭВ0702 250В,8536,80,Нет,,30.07.2020,,,1.1 Электротехническое оборудование: Радио-. электроизмерительные приборы. приборы релейной защиты и автоматического контроля. установки ии приборы для испытания электрооборудования,Нет,РБ,Нет,шт.,Нет,,,0
Вольтметр ЭВ0702 500В,8536,80,Нет,,30.07.2020,,,1.1 Электротехническое оборудование: Радио-. электроизмерительные приборы. приборы релейной защиты и автоматического контроля. установки ии приборы для испытания электрооборудования,Нет,РБ,Нет,шт.,Нет,,,0
Выключатель ВК-42А 10 2022-00УХЛ4,8536,5,Нет,,30.07.2020,,,Автоматические выключатели,Нет,Нет,Нет,шт.,Нет,,,0
Выключатель нагрузки RSI 4160\W02 160 А,8536,120,Да,S.I. «SPAMEL»,30.07.2020,,,Автоматические выключатели,Нет,Нет,Нет,шт.,Нет,,,0
Выключатель-разъединитель ВР32-31Ф-В71250-100А-УХЛ3-КЭАЗ,8536,50,Да,,05.10.2017,,,Автоматические выключатели,Нет,Нет,Нет,шт.,Нет,,,0
Выпускной фильтр EF 118,8536,50,Да,STEGO,30.07.2020,,,Электроаппараты,Нет,Нет,Нет,шт.,Нет,,,0
Герметик силиконовый тубус,2715,9.6,Нет,,16.08.2018,,,Клея. герметики,Нет,РБ,Нет,шт.,Нет,,,0
Гигростат электронный EFR-012,8544598000,117.49,Да,STEGO,16.08.2018,,,Электроаппараты,Нет,Нет,Нет,шт.,Нет,,,0
Гидравлическая система с выносным алюминиевым прессом для пробивки отверстий в стальных листах(КВТ ПГПО-60А),8203,600,Да,,31.01.2019,Гидравлическая система ПГПО-60А; рукав высокого давления длинной 1.3 м;набор из 8 сменных перфоформ;2 резьбовые шпильки;1 запасная резьбовая шпилька; ремкомплект; диаметр пробиваемых отверстий:16.2/18.6/20.5/22.5/25.4/28.3/37/47; максимальное усилие 10 т,,Слесарный. монтажный. строительный. образивный инструмент и электроинструмент,Нет,Нет,Нет,шт.,Нет,,,0
Грабли витые 14 зубьев с черенком,4814907009,10,Нет,,10.05.2019,,,Хозтовары и хозинветарь,Нет,Есть,,шт.,Нет,,,0
грозотрос,8203,2.5,Да,,30.07.2020,,,2.1 Комплектующие и материалы: кабельно-проводниковая продукция всех типов,Нет,Нет,Нет,м,Нет,,,0
Грозотрос с оптическим кабелем,8203,5,Да,,30.07.2020,,,2.1 Комплектующие и материалы: кабельно-проводниковая продукция всех типов,Нет,Нет,Нет,м,Нет,,,0
Датчик ВОД-Л 2м,8544598000,33,Да,,30.07.2020,,,Электроаппараты,Нет,Нет,Нет,шт.,Нет,,,0
Датчик ВОД-Л 4м,8544598000,57,Да,,30.07.2020,,,Электроаппараты,Нет,Нет,Нет,шт.,Нет,,,0
Датчик напряжения LV25-Р (для Пармы ПС330кВ),8544598000,160,Да,LEM,23.02.2018,,,Электроаппараты,Нет,Нет,Нет,шт.,Нет,,,0
Датчик с оптическим волокном к МДО1(БЭМН) 3м,8544598000,42.9,Нет,"РУП ""БЭМН""",04.09.2019,,,Электроаппараты,Нет,РБ,Есть,шт.,Нет,,,0
Датчик RT-82 для регулятора температуры CRT-02,8544598000,28,Нет,Евроавтоматика,06.10.2017,,,Электроаппараты,Нет,РБ,Нет,шт.,Нет,,,0
Двусторонняя складная подставка,7326903000,121.6,Нет,KRAUSE,16.07.2020,Рабочая высота: 2.65м; Высота подставки:0.65м;Количество ступеней 2x2;Вес 3.0кг.,,,,Нет,Нет,шт,Нет,,,0
Держатель КСО для защитной крышки СО(2шт),8536,2.47,Да,Enterlec,05.10.2017,,,Электроаппараты,Нет,Нет,Нет,шт.,Нет,,,0
Держатель шильдиков для концевой консоли SchT10,8536,0.2,Да,CONTA-CLIP,,,,Электроаппараты,Нет,Нет,Нет,шт.,Нет,,,0
Держатель LН для маркировки МСLH,8536,0.37,Да,Enterlec,16.08.2018,,,Электроаппараты,Нет,Нет,Нет,шт.,Нет,,,0
Диод 1N5408 3А 1000В,8536,0.1,Да,,30.07.2020,,,Радиодетали,Нет,Нет,Нет,шт.,Нет,,,0
Диод N5011,8536,0.1,Да,,30.07.2020,,,Радиодетали,Нет,Нет,Нет,шт.,Нет,,,0
Диод ДЛ122-40-15,8536,20,Да,,05.09.2019,,,Радиодетали,,,,шт.,Нет,,,0
Диод КД202Р,8536,1.8,Да,,16.08.2018,,,Радиодетали,Нет,Нет,Нет,шт.,Нет,,,0
Диод КЦ402А,8536,1.6,Да,,30.07.2020,,,Радиодетали,Нет,Нет,Нет,шт.,Нет,,,0
Диодный мост KBU6M / 6А. 1000В,8536,2,Да,,05.09.2019,,,Радиодетали,Нет,Нет,Нет,шт.,Нет,,,0
Дифференциальный автомат АД12/10 А/2 полюса/30мА,8536,25,Да,,30.07.2020,,,Автоматические выключатели,Нет,Нет,Нет,шт.,Нет,,,0
Жгут витой SPIRALITE P4 12 мм. 20метров,8536,30,Да,,02.09.2019,,,Изоляционные материалы,,,,уп.,Нет,,,0
Зажим для экрана к.кабеля на DIN рейку SAB13.5/МF/35,8536,12,Да,PHOENIX CONTACT,16.08.2018,,,Электроаппараты,Нет,Нет,Нет,шт.,Нет,,,0
Замена РЗА Т-1 и Т-2 (МР-801 и МР-851)+СМР,,150000,Нет,,31.01.2019,,,,Нет,Нет,Нет,шт.,Нет,,,0
Замок 502.12.12.11.33-1 «Mesan»,8301401100,85,Нет,Mesan. Турция,30.07.2020,,,Хозтовары и хозинветарь,Нет,Нет,Нет,шт.,Нет,,,https://www.mesanlocks.com/YuklenenDosyalar/UrunKataloglari/917b59e5-7cb5-46e6-a218-06df1e1b6ab5.pdf
Замок навесной ВС 1-2,8203,13,Нет,"ОАО Станкозавод ""Крвсный борец""",04.02.2019,Высота >115мм.,,Хозтовары и хозинветарь,Нет,РБ,Нет,шт.,Нет,,,0
Замок навесной малогабаритный (механизм около 6x4см),8536,3,Нет,,13.02.2019,,,Строительные материалы,Нет,Нет,Нет,шт.,Нет,,,0
Защита от замыканий на землю GSPAG (ОАО БЭРН),8536,900,Нет,"ОАО ""БЭРН""",14.01.2015,,,Электроаппараты,Да,РБ,Есть,шт.,Нет,,,0
Защитная крышка СО для клемм ZS4-ZS35 1м (прозрачная),8536,9.56,Да,Enterlec,05.10.2017,,,Электроаппараты,Нет,Нет,Нет,шт.,Нет,,,0
Защитный коврик на пол под кресло непрозрачный,8203,70,Да,,08.02.2019,,,Строительные материалы,Нет,Нет,Нет,шт.,Нет,,,0
Звонок,8536,45,Нет,,30.07.2020,220 В АС,,Электроаппараты,Нет,РБ,Нет,шт.,Нет,,,0
Звонок ЗОФ DC 220В,8536,36,Да,,16.08.2018,,,Электроаппараты,Нет,Нет,Нет,шт.,Нет,,,0
ИБП,8536,300,Нет,,14.01.2015,,,1.1 Электротехническое оборудование: Электропреобразовательные и выпрямительные устройства (ЧРЭП. система возбуждения. источники бесперебойного питания. зарядно-подзарядные устройства и т.п.),Нет,РБ,Нет,шт.,Нет,,,0
Измерительный шунт 100 А 75 мВ,8536,24,Да,,30.07.2020,,,Электроаппараты,Нет,Нет,Нет,шт.,Нет,,,0
Измерительный шунт 150 А 75 мВ,8536,30,Да,,30.07.2020,,,Электроаппараты,Нет,Нет,Нет,шт.,Нет,,,0
Измерительный шунт 75 А 75 мВ,8536,20,Да,,30.07.2020,,,Электроаппараты,Нет,Нет,Нет,шт.,Нет,,,0
Изолента ПВХ 20м рулон,8536,2.4,Да,,16.08.2018,,,Изоляционные материалы,Нет,Нет,Нет,шт.,Нет,,,0
Инструмент для снятия изоляции тип провода круглый. плоский. овальный сечение провода 0.2 - 6 мм2. длина съемаизоляции 4-18 мм,8203,36,Да,,30.07.2020,,,Слесарный. монтажный. строительный. образивный инструмент и электроинструмент,Нет,РБ,Нет,шт.,Нет,,,0
Инструмент электромонтажный СIMCO(Германия) (комплект),8203,600,Да,,30.07.2020,,,Слесарный. монтажный. строительный. образивный инструмент и электроинструмент,Нет,Нет,Нет,шт.,Нет,,,0
К клемме АWG22-12 2002-1871 вставная перемычка 2002-402,8536,0.5,Да,,30.07.2020,,,Электроаппараты,Нет,Нет,Нет,шт.,Нет,,,0
К клемме АWG22-12 2002-1871 маркировка 793-5501 100шт.,8536,6.4,Да,,30.07.2020,,,Электроаппараты,Нет,Нет,Нет,шт.,Нет,,,0
К клемме АWG22-12 2002-1871 торцевая пластина 2002-1892,8536,0.75,Да,,30.07.2020,,,Электроаппараты,Нет,Нет,Нет,шт.,Нет,,,0
Кабель АКВВГ 5x2.5,8544598000,1.4,Нет,,30.07.2020,,,2.1 Комплектующие и материалы: кабельно-проводниковая продукция всех типов,Нет,РБ,Нет,м,Нет,,,0
Кабель ВБШвнг 4x10,8544598000,11,Нет,,04.11.2020,,,2.1 Комплектующие и материалы: кабельно-проводниковая продукция всех типов,Нет,РБ,Нет,м,Нет,,,
Кабель ВБШвнг 4x16,8544598000,18.7,Нет,,04.11.2020,,,2.1 Комплектующие и материалы: кабельно-проводниковая продукция всех типов,Нет,РБ,Нет,м,Нет,,,
Кабель ВБШвнг 4x4,8544598000,6.2,Нет,,04.11.2020,,,2.1 Комплектующие и материалы: кабельно-проводниковая продукция всех типов,Нет,РБ,Нет,м,Нет,,,
Кабель ВБШвнг 4x6,8544598000,7.8,Нет,,04.11.2020,,,2.1 Комплектующие и материалы: кабельно-проводниковая продукция всех типов,Нет,РБ,Нет,м,Нет,,,
Кабель КВВГ нг 10x1.5,8544598000,3,Нет,,16.08.2018,,,2.1 Комплектующие и материалы: кабельно-проводниковая продукция всех типов,Нет,РБ,Нет,м,Нет,,,0
Кабель КВВГнг 19x2.5,8544598000,11,Нет,,30.07.2020,,,2.1 Комплектующие и материалы: кабельно-проводниковая продукция всех типов,Нет,РБ,Нет,м,Нет,,,0
Кабель КВВГнг 5x2.5,8544598000,5.2,Нет,,16.08.2018,,,2.1 Комплектующие и материалы: кабельно-проводниковая продукция всех типов,Нет,РБ,Нет,м,Нет,,,0
Кабель КВВГэнг 10x1.5,8544598000,3.53,Нет,,16.08.2018,,,2.1 Комплектующие и материалы: кабельно-проводниковая продукция всех типов,Нет,РБ,Нет,м,Нет,,,0
Кабель КВВГэнг 10x2.5,8544598000,10.82,Нет,,15.03.2015,,,2.1 Комплектующие и материалы: кабельно-проводниковая продукция всех типов,Нет,РБ,Нет,м,Нет,,,0
Кабель КВВГэнг 14x1.5,8544598000,4.75,Нет,,16.08.2018,,,2.1 Комплектующие и материалы: кабельно-проводниковая продукция всех типов,Нет,РБ,Нет,м,Нет,,,0
Кабель КВВГэнг 19x1.5,8544598000,5.2,Нет,,16.08.2018,,,2.1 Комплектующие и материалы: кабельно-проводниковая продукция всех типов,Нет,РБ,Нет,м,Нет,,,0
Кабель КВВГэнг 4x1.5,8544598000,3,Нет,,16.08.2018,,,2.1 Комплектующие и материалы: кабельно-проводниковая продукция всех типов,Нет,РБ,Нет,м,Нет,,,0
Кабель КВВГэнг 4x2.5,8544598000,2.17,Нет,,16.08.2018,,,2.1 Комплектующие и материалы: кабельно-проводниковая продукция всех типов,Нет,РБ,Нет,м,Нет,,,0
Кабель КВВГэнг 5x1.5,8544598000,1.79,Нет,,30.10.2020,,,2.1 Комплектующие и материалы: кабельно-проводниковая продукция всех типов,Нет,РБ,Нет,м,Нет,,,0
Кабель КВВГэнг 5x2.5,8544598000,2.17,Нет,,16.08.2018,,,2.1 Комплектующие и материалы: кабельно-проводниковая продукция всех типов,Нет,РБ,Нет,м,Нет,,,0
Кабель КВВГэнг 5x4,8544598000,2.7,Нет,,15.04.2015,,,2.1 Комплектующие и материалы: кабельно-проводниковая продукция всех типов,Нет,РБ,Нет,м,Нет,,,0
Кабель КВВГэнг 7x1.5,8544598000,3.23,Нет,,15.02.2015,,,2.1 Комплектующие и материалы: кабельно-проводниковая продукция всех типов,Нет,РБ,Нет,м,Нет,,,0
Кабель КВВГэнг 7x2.5,8544598000,3.76,Нет,,30.10.2020,,,2.1 Комплектующие и материалы: кабельно-проводниковая продукция всех типов,Нет,РБ,Нет,м,Нет,,,0
Кабель КГ 1х6.0,8544598000,5,Нет,,03.05.2021,,,2.1 Комплектующие и материалы: кабельно-проводниковая продукция всех типов,Нет,РБ,Нет,м,Нет,,,0
Кабель-канал перфорированный 25х25мм,8536,3.9,Нет,,02.09.2019,,,Изоляционные материалы,Нет,Нет,Нет,м.,Нет,,,0
Кабель-канал перфорированный 40х60мм,8536,9.5,Нет,,02.09.2019,,,Изоляционные материалы,Нет,РБ,Нет,м,Нет,,,0
Кабельная бирка для маркировки,8536,0.12,Нет,,16.08.2018,,,Электроаппараты,Нет,РБ,Нет,шт.,Нет,,,0
Кабельный ввод-сальник PG-21,8536,2.4,Нет,,16.08.2018,диаметр кабеля 13-18мм диаметр отверстия 26.9мм,,Электроаппараты,Нет,РБ,Нет,шт.,Нет,,,2
Кабельный наконечник для гибкого провода (100 шт. в упак.),8536,1.2,Нет,,16.08.2018,,,Электроаппараты,Нет,РБ,Нет,шт.,Нет,,,0
Кисть флейцевая КФ 100,8203,4,Да,,31.01.2019,Металлический(пластмассовый) бандаж. деревянную ручку с отверстием для подвески и светлую натуральную щетину.,,Слесарный. монтажный. строительный. образивный инструмент и электроинструмент,Нет,РБ,Нет,шт.,Нет,,,0
Кисть флейцевая КФ 50,8203,3,Да,,31.01.2019,Металлический(пластмассовый) бандаж. деревянную ручку с отверстием для подвески и светлую натуральную щетину.,,Слесарный. монтажный. строительный. образивный инструмент и электроинструмент,Нет,РБ,Нет,шт.,Нет,,,0
Клей Момент унив. 125мл,2715,5,Нет,,02.01.2019,,,Клея. герметики,Нет,РБ,Нет,шт.,Нет,,,0
Клемма измерительная ЗН-24И под DIN-рейку 35мм,8536,0.9,Да,,30.07.2020,,,Электроаппараты,Нет,Нет,Нет,шт.,Нет,,,0
Клемма измерительная серая PTK 10/LT/STB,8536,4.5,Да,CONTA-CLIP,30.07.2020,,,Электроаппараты,Нет,Нет,Нет,шт.,Нет,,,0
Клемма отводная МАG50 ВG,8536,0.7,Да,,30.07.2020,,,Электроаппараты,Нет,Нет,Нет,шт.,Нет,,,0
Клемма проходная ЗН-24П под DIN-рейку 35мм,8536,0.6,Да,,16.08.2018,,,Электроаппараты,Нет,Нет,Нет,шт.,Нет,,,0
Клемма проходная красная RK6-10/35,8536,1.5,Нет,CONTA-CLIP,30.07.2020,,,Электроаппараты,Нет,Нет,Нет,шт.,Нет,,,0
Клемма проходная с защитным кожухом силовая S=8-35мм2,8536,15,Да,,30.07.2020,,,Электроаппараты,Нет,Нет,Нет,шт.,Нет,,,0
Клемма проходная серая RК 6-10/35,8536,1.5,Да,CONTA-CLIP,30.07.2020,,,Электроаппараты,Нет,Нет,Нет,шт.,Нет,,,0
Клемма проходная синяя RК 6-10/35,8536,1.5,Нет,CONTA-CLIP,30.07.2020,,,Электроаппараты,Нет,Нет,Нет,шт.,Нет,,,0
Клемма проходная RK 50 ВG,8536,7,Да,,30.07.2020,,,Электроаппараты,Нет,Нет,Нет,шт.,Нет,,,0
Клемма с размыкателем АWG22-12 2002-1871,8536,5.5,Да,,30.07.2020,,,Электроаппараты,Нет,Нет,Нет,шт.,Нет,,,0
Клемма WAGO 224-112,8536,1,Да,,30.10.2019,,,Электроаппараты,,,,шт.,Нет,,,0
Клемма WTL 6/1,8536,0.6,Да,Weidmuller,16.08.2018,,,Электроаппараты,Нет,Нет,Нет,шт.,Нет,,,0
Клемма ZS10-ST-1/8 для измерений,8536,3.97,Да,,16.08.2018,,Токовые клеммы винтовой зажим,Электроаппараты,Нет,Нет,Нет,шт.,Нет,,,0
Клемма ZS4(2.5)-BL/5.2 (проходная),8536,0.73,Да,Enterlec,16.08.2018,,,Электроаппараты,Нет,Нет,Нет,шт.,Нет,,,0
Клемма ZS6-S-4S-T2/6 винтовой зажим на 4 контакта 2т.гнезда(кроссовая),8536,2.87,Да,Enterlec,05.10.2017,,,Электроаппараты,Нет,Нет,Нет,шт.,Нет,,,0
Ключ рожковый 12-13,8203,3,Да,,31.01.2019,Хромованадиевая сталь,,Слесарный. монтажный. строительный. образивный инструмент и электроинструмент,Нет,Нет,Нет,шт.,Нет,,,0
Ключ рожковый 14-17,8203,6,Да,,31.01.2019,Хромованадиевая сталь,,Слесарный. монтажный. строительный. образивный инструмент и электроинструмент,Нет,Нет,Нет,шт.,Нет,,,0
Ключ рожковый 5.5-7,8203,3,Да,,31.01.2019,Хромованадиевая сталь,,Слесарный. монтажный. строительный. образивный инструмент и электроинструмент,Нет,Нет,Нет,шт.,Нет,,,0
Ключ рожковый 8-10,8203,3,Да,,31.01.2019,Хромованадиевая сталь,,Слесарный. монтажный. строительный. образивный инструмент и электроинструмент,Нет,Нет,Нет,шт.,Нет,,,0
Кнопка (адаптер М22-А+кнопка черная М22А),8536,10.61,Да,Eaton,16.08.2018,,серия Тitnan,Электроаппараты,Нет,Нет,Нет,шт.,Нет,,,0
Кнопка (адаптер М22-А+ 1блок контакт 1NО М22-КС10+1блок контакт 1NС М22-К01 +кнопка черная М22А),8536,10.61,Да,Eaton,16.08.2018,,серия Тitnan,Электроаппараты,Нет,Нет,Нет,шт.,Нет,,,0
Кнопка А22-КЕ10 (на 3 контакта) Moeller,8536,1.9,Да,Eaton,21.09.2015,,,Электроаппараты,Нет,Нет,Нет,шт.,Нет,,,0
Кнопка КЕ 011,8536,02.05,Да,"ООО ""ДВТ Электро""",16.08.2018,10 А. 440 В. чёрная. плоская. под отверстие 22 мм,,Электроаппараты,Нет,Нет,Нет,шт.,Нет,,,0
Кнопка LАY5-ВА21,8536,10.61,Да,IEK,16.08.2018,,,Электроаппараты,Нет,Нет,Нет,шт.,Нет,,,0
Колодка к реле finder (62.33) TYPE 92.03,8536,12,Да,,19.05.2015,,,2.1 Комплектующие и материалы: Реле. контакторы всех типов,Нет,Нет,Нет,шт.,Нет,,,0
Комплект батареек для комплектации приборов,8536,0.15,Да,,,,,Элементы питания и АКБ,Нет,Нет,Нет,шт.,Нет,,,0
Комплект чехлов для сидений автомобиля ГАЗ-27057,,137,Нет,,02.06.2020,,,Хозтовары и хозинветарь,,,Нет,шт.,Нет,,,0
Конденсатор полярный электролитический 100мкф 400В,8536,3.8,Нет,,28.01.2020,"общего применения 100mF x 400V. 105°С
или
Low ESR",,Радиодетали,Нет,Нет,Нет,шт.,Нет,,,0
Конденсатор полярный электролитический 3300мкф 450В,8536,30,Нет,,07.02.2020,HCG FA 3300MFD 450VDC. Винтовой. 105 С,,Радиодетали,Нет,Нет,Нет,шт.,Нет,,,0
Конденсатор полярный электролитический 470мкф 25В,8536,0.3,Нет,,28.01.2020,"Low Impedance. 470mF x 25V. 105°С
или
Low ESR",,Радиодетали,Нет,Нет,Нет,шт.,Нет,,,0
Конденсатор полярный электролитический 47мкф 100В,8536,0.4,Нет,,28.01.2020,"Low Impedance. 47mF x 100V. 105°С
или
Low ESR",,Радиодетали,Нет,Нет,Нет,шт.,Нет,,,0
Конденсатор полярный электролитический 47мкф 400В,8536,1.6,Нет,,28.01.2020,"общего применения 47mF x 400V. 105°С
или
Low ESR",,Радиодетали,Нет,Нет,Нет,шт.,Нет,,,0
Конденсатор полярный электролитический 47мкф 50В,8536,0.2,Нет,,28.01.2020,"Low Impedance. 47mF x 50V. 105°С
или
Low ESR",,Радиодетали,Нет,Нет,Нет,шт.,Нет,,,0
Конденсатор электролитический 47мкф 100В,8536,1,Нет,,30.07.2020,47мкф. 100 В.,,Радиодетали,Нет,Нет,Нет,шт.,Нет,,,0
Конденсатор электролитический алюминевый (К50-35) 100мкф 350В,8536,2,Нет,,29.10.2019,100мкф. 350 В,,Радиодетали,Нет,Нет,Нет,шт.,Нет,,,0
Конденсатор электролитический алюминевый (К50-35) 100мкф 350В DC,8536,3,Нет,,29.10.2019,100мкф. 350 В. DC,,Радиодетали,Нет,Нет,Нет,шт.,Нет,,,0
Конденсатор электролитический алюминевый (К50-35) 10мкф 160В,8536,1,Нет,,29.10.2019,10мкф. 160 В,,Радиодетали,Нет,Нет,Нет,шт.,Нет,,,0
Конденсатор электролитический алюминевый (К50-35) 220мкф 50В,8536,1,Нет,,29.10.2019,220мкф. 50 В,,Радиодетали,Нет,Нет,Нет,шт.,Нет,,,0
Контакт состояния КС47 к автоматическому выключателю ВА47-29,8536,4.8,Да,,30.07.2020,230 В,,Автоматические выключатели,Нет,Нет,Нет,шт.,Нет,,,0
Контактор КМИ 11810 (аналог ПМЛ-11000),8535,8.4,Да,,03.09.2015,18 А. 230 В/АС-3 1НО катушка 230 В,,2.1 Комплектующие и материалы: Реле. контакторы всех типов,Нет,Нет,Нет,шт.,Нет,,,0
Контактор КМИ-22510 АС 220В,8536,25,Да,,30.07.2020,,,2.1 Комплектующие и материалы: Реле. контакторы всех типов,Нет,Нет,Нет,шт.,Нет,,,0
Контактор КМИ48010 АС220В,8536,100,Да,,30.07.2020,,,2.1 Комплектующие и материалы: Реле. контакторы всех типов,Нет,Нет,Нет,шт.,Нет,,,0
Контактор ПМ12 100А (КЭАЗ)+1но 1нз бк Uк=220В,8536,150,Да,,30.07.2020,,,2.1 Комплектующие и материалы: Реле. контакторы всех типов,Нет,Нет,Нет,шт.,Нет,,,0
Контактор РПН (ЭКФ) КМЭ-0910 с блоком вспомогательных контактов ПКЭ-04,8536,14,Да,,30.07.2020,18 А. 230 В/АС-3 1НО катушка 230 В,,2.1 Комплектующие и материалы: Реле. контакторы всех типов,Нет,Нет,Нет,шт.,Нет,,,0
Контактор ЭВ,8536,10,Да,,30.07.2020,,,2.1 Комплектующие и материалы: Реле. контакторы всех типов,Нет,Нет,Нет,шт.,Нет,,,0
Контроллер ПИКОН (РУП БЭМН),8536,250,Нет,"РУП ""БЭМН""",14.01.2015,,,Электроаппараты,Да,РБ,Есть,шт.,Нет,,,0
Концевая консоль для клемм ЕS 35/К/ST BG,8536,1.5,Да,CONTA-CLIP,30.07.2020,,,Электроаппараты,Нет,Нет,Нет,шт.,Нет,,,0
Концевой выключатель для дверей шкафа 5А 220В 2 пер.контакта,8536,3.6,Нет,,16.08.2018,,,Электроаппараты,Нет,РБ,Нет,шт.,Нет,,,0
Концевой сегмент для клеммы ZS10-ST-1/8 (испытательная),8536,0.36,Да,,16.08.2018,,,Электроаппараты,Нет,Нет,Нет,шт.,Нет,,,0
Концевой сегмент для клеммы ZS10-ST-1/8 для измерений,8536,0.42,Да,,16.08.2018,,Торцевая крышка для токовой клеммы,Электроаппараты,Нет,Нет,Нет,шт.,Нет,,,0
Концевой сегмент ЕS-4 для клемм ZS4-ZS25,8536,0.23,Да,Enterlec,16.08.2018,,,Электроаппараты,Нет,Нет,Нет,шт.,Нет,,,0
Концевой сегмент ESG-4S для клемм ZS6-S-4S-T2/6,8536,0.42,Да,Enterlec,05.10.2017,,,Электроаппараты,Нет,Нет,Нет,шт.,Нет,,,0
Концевой упор ВАМ4 с реечным контактом 10мм,8536,0.48,Да,Enterlec,16.08.2018,,,Электроаппараты,Нет,Нет,Нет,шт.,Нет,,,0
Коробка испытательная переходная ИКП (аналог ИК. ИКК),8536,10,Нет,,07.09.2020,68х220х33мм. 380 В.,,,,,Нет,шт.,Нет,,,0
Краска для деревьев садовая белая 3 кг.,8203,7,Нет,,30.10.2019,,,Строительные материалы,,,,шт.,Нет,,,0
Круглогубцы (Cimco 10 0062),8203,90,Да,,31.01.2019,IEC 900. IEC 60900:2004.VDE 0682/часть 201,,Слесарный. монтажный. строительный. образивный инструмент и электроинструмент,Нет,Нет,Нет,шт.,Нет,,,0
Круглогубцы 160мм(DIN ISO 5745. 64НRC. 1000V),8203,36.4,Да,,30.07.2020,,,Слесарный. монтажный. строительный. образивный инструмент и электроинструмент,Нет,РБ,Нет,шт.,Нет,,,0
Круглогубцы электроизолированные с плоскими изогнутами губками(KNIPEX 26 26 200),8203,100,Да,,31.01.2019,Твердость около 61 HRC.изолированная рукоятка-VDE,,Слесарный. монтажный. строительный. образивный инструмент и электроинструмент,Нет,Нет,Нет,шт.,Нет,,,0
Крышка торцевая к измерительной клемме AP/L/Q/D BG,8536,0.8,Да,CONTA-CLIP,30.07.2020,,,Электроаппараты,Нет,Нет,Нет,шт.,Нет,,,0
Крышка торцевая к проходной клемме AP 2.5-10 BG,8536,0.8,Да,CONTA-CLIP,30.07.2020,,,Электроаппараты,Нет,Нет,Нет,шт.,Нет,,,0
Кусачки (KNIPEX 70 06 180),8203,85,Да,,31.01.2019,Твердость лезвия 62 HRC.изолированная рукоятка-VDE,,Слесарный. монтажный. строительный. образивный инструмент и электроинструмент,Нет,Нет,Нет,шт.,Нет,,,0
Лампа (сигнальная) цилиндрическая Ц 220-230 10 b15d,9405,2.5,Нет,,30.07.2020,Напряжение 220-230В. цоколь b15d,,Лампы светодиодные,Нет,Нет,Нет,шт.,Нет,,,0
Лампа BMS20-240-K04(красная) в арматуру IEK,9405,0.25,Да,IEK,17.10.2017,,,Лампы светодиодные,Нет,Нет,Нет,шт.,Нет,,,0
Лампа BMS20-240-K06(зеленая) в арматуру IEK,9405,0.25,Да,IEK,17.10.2017,,,Лампы светодиодные,Нет,Нет,Нет,шт.,Нет,,,0
Лампа ЛСО 1-Б-2-220 Белая,9405,7.55,Да,"ООО ""ТД Каскад-Электро""",09.01.2019,220 В,,Лампы светодиодные,Нет,Нет,Нет,шт.,Нет,,,0
Лампа светодиодная E27 220В,9405,5,Нет,,17.12.2018,мощность от 10 Вт. цоколь Е27. 220 В,,Лампы светодиодные,Нет,Есть,Нет,шт.,Нет,,,0
Лампа СКЛ-14А-Ж- 2-220 Жёлтая,9405,5.41,Да,ЗАО «Протон-Импульс»,16.08.2018,220 В,,Лампы светодиодные,Нет,Нет,Нет,шт.,Нет,,,0
Лампа СКЛ-14А-К-2-220 Красная,9405,5.41,Да,ЗАО «Протон-Импульс»,16.08.2018,220 В,,Лампы светодиодные,Нет,Нет,Нет,шт.,Нет,,,0
Лампа СКЛ-14А-Л-2-220 Зеленая,9405,5.41,Да,ЗАО «Протон-Импульс»,16.08.2018,220 В,,Лампы светодиодные,Нет,Нет,Нет,шт.,Нет,,,0
Лампа СКЛ-1А-Ж-2-220 Жёлтая,9405,4.97,Да,ЗАО «Протон-Импульс»,16.08.2018,220 В,,Лампы светодиодные,Нет,Нет,Нет,шт.,Нет,,,0
Лампа сменная BMS10-220-K04(красная) в арматуру IEK,9405,2.5,Да,IEK,17.10.2017,230В АС,,Лампы светодиодные,Нет,Нет,Нет,шт.,Нет,,,0
Лампа сменная BMS10-220-K05(жёлтая) в арматуру IEK,9405,2.5,Да,IEK,17.10.2017,230В АС,,Лампы светодиодные,Нет,Нет,Нет,шт.,Нет,,,0
Лампа сменная BMS10-220-K06(зеленая) в арматуру IEK,9405,2.5,Да,IEK,17.10.2017,230В АС,,Лампы светодиодные,Нет,Нет,Нет,шт.,Нет,,,0
Лампа Ц235-245-10 на 2контакта цоколь В15d/18 10 Вт в табло и ЛС-220,9405,2.5,Нет,,17.10.2017,,,Лампы светодиодные,Нет,РБ,Нет,шт.,Нет,,,0
Лента сигнальная красно-белая 70мм х 100м,8536,12,Нет,,30.07.2020,,,Изоляционные материалы,Нет,РБ,Нет,шт.,Нет,,,0
Линолеум 4.5x5.9m (26.6m^2),8536,800,Нет,,15.01.2019,,,Строительные материалы,Нет,Есть,Нет,лист,Да,,,0
Логометр цифровой УП-85-14/2(Электроприбор г.Витебск),8536,399,Нет,Электроприбор,21.09.2015,,,1.1 Электротехническое оборудование: Радио-. электроизмерительные приборы. приборы релейной защиты и автоматического контроля. установки ии приборы для испытания электрооборудования,Нет,РБ,Нет,шт.,Нет,,,0
Логометр цифровой УП9256,8536,550,Нет,Энергосоюз,06.10.2017,,,1.1 Электротехническое оборудование: Радио-. электроизмерительные приборы. приборы релейной защиты и автоматического контроля. установки ии приборы для испытания электрооборудования,Нет,РБ,Нет,шт.,Нет,,,0
Лопата снеговая Американка-3,4814907009,30,Да,,10.05.2019,оцинкованная с планкой 500х430х0.9 мм. с черенком. V-ручка,,Хозтовары и хозинветарь,Нет,Есть,,шт.,Нет,,,0
Лопата штыковая с ребрами жесткости. с черенком,4814907009,12,Нет,,05.09.2019,,,Хозтовары и хозинветарь,,,,шт.,Нет,,,0
Лопата штыковая Сибртех с черенком,4814907009,30,Да,,10.05.2019,для земляных работ (с почвой. содержащей глину. камни. остатки корней),,Хозтовары и хозинветарь,Нет,Есть,,шт.,Нет,,,0
Маркер ВS-1 перманентный чёрный 0.5мм,8536,15.5,Да,PHOENIX CONTACT,16.08.2018,толщина линии 0.5мм,,Слесарный. монтажный. строительный. образивный инструмент и электроинструмент,Нет,Нет,Нет,шт.,Нет,,,0
Маркировка к измерительной клемме PMS SB 8/40 WH,8536,0.01,Да,CONTA-CLIP,30.07.2020,,,Электроаппараты,Нет,Нет,Нет,шт.,Нет,,,0
Маркировка к проходной клемме RК 6-10/35 PMS SB 8/40 WH,8536,0.01,Да,CONTA-CLIP,30.07.2020,,,Электроаппараты,Нет,Нет,Нет,шт.,Нет,,,0
Маркировка МС512PC/5.2 карта 45шт 4.8Х12мм белый для клемм,8536,2.4,Да,Enterlec,16.08.2018,,,Электроаппараты,Нет,Нет,Нет,шт.,Нет,,,0
Маркировка МС612PC/5.2 карта 39шт 5.6Х12мм белый для клемм,8536,2.36,Да,Enterlec,05.10.2017,,,Электроаппараты,Нет,Нет,Нет,шт.,Нет,,,0
Маркировка МCLН для держателя LН(карта 36 шт),8536,17.47,Да,Enterlec,16.08.2018,,,Электроаппараты,Нет,Нет,Нет,шт.,Нет,,,0
Мегаомметр E6-32,9030331000,850,Нет,Радиосервис,30.07.2020,,,Электроприборы,Нет,РБ,Нет,шт.,Нет,,,0
Металлорукав типа РЗ-Ц-25 мм,8536,0.7,Нет,,31.01.2019,,,Электроаппараты,Нет,Есть,Нет,м.,Нет,,,0
Металлорукав типа РЗ-Ц-ПВХ-15 мм,8536,0.7,Нет,,31.01.2019,,,Электроаппараты,Нет,Есть,Нет,м.,Нет,,,0
Металлорукав типа РЗ-Ц-ПВХ-32 мм,8536,2.5,Нет,,31.01.2019,,,Электроаппараты,Нет,Есть,Нет,м.,Нет,,,0
Микросхема TOP 224Y (преобразователь = в 100 кГц),8536,6,Да,,30.07.2020,,,Радиодетали,Нет,Нет,Нет,шт.,Нет,,,0
Мультиметр МП3,9030331000,120,Нет,,30.07.2020,,,1.1 Электротехническое оборудование: Радио-. электроизмерительные приборы. приборы релейной защиты и автоматического контроля. установки ии приборы для испытания электрооборудования,Нет,РБ,Нет,шт.,Нет,,,0
Муфта вводная с наружной резьбой МВн-25,8536,5,нет,,31.01.2019,,,Электроаппараты,Нет,есть,нет,шт.,нет,,,
Муфта вводная с наружной резьбой МВн-32 ,8536,5,нет,,31.01.2019,,,Электроаппараты,Нет,есть,нет,шт.,нет,,,
Набор алмазных надфилей 5шт.,8203,35,да,,26.04.2021,квадратный. круглый. плоский. полукруглый. трехгранный; обробатываемый материал-металл; алмазное напыление; рабочая длинна- 50мм; материал рукоятки - резина. пластик.,,Слесарный. монтажный. строительный. образивный инструмент и электроинструмент,нет,,,,,,,
Набор автомобильных инструментов FORCE 041082 (108 предметов),8203,260,да,FORCE,12.01.2021,FORCE 041082 (108 предметов),,Слесарный. монтажный. строительный. образивный инструмент и электроинструмент,,нет,нет,набор,,,,
Набор сверл Bosch по металлу,8207503000,55,Да,,09.04.2021,19 шт: 1. 1.5. 2. 2.5. 3. 3.5. 4. 4.5. 5. 5.5. 6. 6.5. 7. 7.5. 8. 8.5. 9. 9.5. 10,,Слесарный. монтажный. строительный. образивный инструмент и электроинструмент,Нет,Нет,Нет,шт.,,,,
Нагреватель полупроводниковый CSL 028 АС230 В. 50 Гц 250 Вт,8536,196.27,Да,STEGO,16.08.2018,,,Электроаппараты,Нет,Нет,Нет,шт.,Нет,,,0
Накладка НКР-3,8536,1.2,Да,,16.08.2018,,,Электроаппараты,Нет,Нет,Нет,шт.,Нет,,,0
Наконечник Е 35-16,8536,0.15,Нет,,30.07.2020,,,Электроаппараты,Нет,Нет,Нет,шт.,Нет,,,0
Наконечник Е1508(гильза 1.5мм2 8мм) уп 100шт,8536,2,Да,,16.08.2018,,,Электроаппараты,Нет,Нет,Нет,шт.,Нет,,,0
Наконечник Е2508(гильза 2.5мм2 8мм) уп100шт,8536,3,Да,,16.08.2018,,,Электроаппараты,Нет,Нет,Нет,шт.,Нет,,,0
Наконечник НКИ 1.5-6(кольцо 1.5мм2-М4) уп 100шт,8536,10,Да,,30.07.2020,,,Электроаппараты,Нет,Нет,Нет,шт.,Нет,,,0
Наконечник НКИ 2.5-4(кольцо 2.5мм2-М4) уп 100шт,8536,10,Да,,30.07.2020,,,Электроаппараты,Нет,Нет,Нет,шт.,Нет,,,0
Наконечник НКИ 2.5-6(кольцо 2.5мм2-М6) уп 100шт,8536,3,Нет,,16.08.2018,,,Электроаппараты,Нет,Нет,Нет,уп.,Нет,,,0
Наконечник НКИ 6.0-8(кольцо 6мм2-М8) уп 100шт,8536,4,Нет,,16.08.2018,,,Электроаппараты,Нет,Нет,Нет,уп.,Нет,,,0
Наконечник штыревой втулочный изолированный двойной НШвИ(2) 1.5х12 (100шт.),8536,7,Да,,13.03.2020,,,Электроаппараты,Нет,Нет,Нет,уп.,Нет,,,0
Наконечник штыревой втулочный изолированный двойной НШвИ(2) 2.5х12,8536,8,Да,,13.03.2020,,,Электроаппараты,Нет,Нет,Нет,уп.,Нет,,,0
Независимая защита тр-ра Пума 3431 с МВД,8536,2498,Нет,"ОАО ""АСАТ""",14.01.2015,,,1.1 Электротехническое оборудование: Радио-. электроизмерительные приборы. приборы релейной защиты и автоматического контроля. установки ии приборы для испытания электрооборудования,Да,РБ,Есть,шт.,Нет,,,0
Независимый расцепитель Eaton ZP-ASA /230 для PL-7,8536,27,Да,Eaton,03.02.2020,,,Автоматические выключатели,,,,шт.,Нет,,,0
НКУ-ШОПТ Шкаф оперативного постоянного тока 50 Аxч,8536,32000,Нет,"РУП ""БЭМН""",04.09.2019,,,1.1 Электротехническое оборудование: Щитовая продукция (ящики силовые. шкафы вводно-распределительные. щиты освещения и т.д.),Да,РБ,Есть,шт.,Нет,,,0
Нож выдвижной канцелярский(Ома 070 207),8203,10,Да,,31.01.2019,Для резки изделий. разделки кабелей. снятие изоляции.,,Слесарный. монтажный. строительный. образивный инструмент и электроинструмент,Нет,Нет,Нет,шт.,Нет,,,0
Нож для разделки кабеля с мощным стальным лезвием 50мм и изолированной ручкой 1000V прямой,8203,15,Да,,30.07.2020,,,Слесарный. монтажный. строительный. образивный инструмент и электроинструмент,Нет,РБ,Нет,шт.,Нет,,,0
Нож для разделки кабеля с мощным стальным лезвием загнутый с плужковым ограничителем и изолированной ручкой 1000V,8203,87,Да,,14.01.2015,,,Слесарный. монтажный. строительный. образивный инструмент и электроинструмент,Нет,РБ,Нет,шт.,Нет,,,0
Нож монтерский(KNIPEX 98 52),8203,37,Да,,31.01.2019,C эргономичность ручки с защитой от соскальзывания,,Слесарный. монтажный. строительный. образивный инструмент и электроинструмент,Нет,Нет,Нет,шт.,Нет,,,0
Обои для мастерской,4814907009,12,Нет,,,,,Хозтовары и хозинветарь,Нет,РБ,Нет,рулон,Нет,,,0
Ограничитель на DIN-рейку (ИЭК),8536,0.2,Да,,30.07.2020,,,Электроаппараты,Нет,Нет,Нет,шт.,Нет,,,0
Ограничитель перенапряжения ОПН ФП - 1.2 - УХЛ 2.1,8536,130,Нет,,09.11.2020,Uнд=1.2кВ,,Электроаппараты,Нет,Нет,Нет,шт.,Нет,,,0
Оргстекло лист 3.05х2.05м н=5мм прозрачное,3920510000,310,Нет,,30.07.2020,,,Строительные материалы,Нет,Есть,Нет,лист,Нет,,,0
Отвёртка малогабаритная со сменными битами(количество 6 бит. WIHA 33736),8203,39,Да,WIHA,31.01.2019,DIN 3126 ISO 1173. биты стандарт 25мм,,Слесарный. монтажный. строительный. образивный инструмент и электроинструмент,Нет,Есть,Нет,шт.,Нет,,,0
Отвёртка РН1 (SoftFinish electric slimFix Phillips PH1x80мм WIHA 35393),8203,17,Да,WIHA,31.01.2019,DIN ISO 2380. 1000V,,Слесарный. монтажный. строительный. образивный инструмент и электроинструмент,Нет,Есть,Нет,шт.,Нет,,,0
Отвертка РН1(DIN ISO 8764. 54НRC.1000V),8203,7.4,Да,,30.07.202030.,,,Слесарный. монтажный. строительный. образивный инструмент и электроинструмент,Нет,Есть,Нет,шт.,Нет,,,0
Отвёртка РН2 (SoftFinish electric slimFix Phillips PH1x100мм WIHA 35394),8203,21,Да,WIHA,31.01.2019,DIN ISO 2380. 1000V,,Слесарный. монтажный. строительный. образивный инструмент и электроинструмент,Нет,Есть,Нет,шт.,Нет,,,0
Отвертка РН2(DIN ISO 8764. 54НRC.1000V),8203,8.7,Да,,30.07.2020,,,Слесарный. монтажный. строительный. образивный инструмент и электроинструмент,Нет,Есть,Нет,шт.,Нет,,,0
Отвертка РZ/FL2х100(артикул 78594 КВТ.1000V),8203,21,Да,,09.06.2021,1000В,,Слесарный. монтажный. строительный. образивный инструмент и электроинструмент,Нет,Есть,Нет,шт.,Нет,,,0
Отвертка РZ/FL1х80(артикул 78593 КВТ.1000V),8203,21,Да,,09.06.2021,1000В,,Слесарный. монтажный. строительный. образивный инструмент и электроинструмент,Нет,Есть,Нет,шт.,Нет,,,0
Отвёртка с шестигранными торцевыми головками (Cimco SW7 11 7807),8203,60,Да,,31.01.2019,VDE/GS; IEC 60900:2004; В-повышенная ударопрочность;размер шестигранной торцевой головы 7мм,,Слесарный. монтажный. строительный. образивный инструмент и электроинструмент,Нет,Есть,Нет,шт.,Нет,,,0
Отвёртка с шестигранными торцевыми головками (Cimco SW8 11 7808),8203,60,Да,,31.01.2019,VDE/GS; IEC 60900:2004; В-повышенная ударопрочность;размер шестигранной торцевой головы 8мм,,Слесарный. монтажный. строительный. образивный инструмент и электроинструмент,Нет,Есть,Нет,шт.,Нет,,,0
Отвёртка шлиц 2.5мм (SoftFinish electric slimFix SL2.5x80мм WIHA 35391),8203,13,Да,WIHA,31.01.2019,DIN ISO 2380. 1000V,,Слесарный. монтажный. строительный. образивный инструмент и электроинструмент,Нет,Есть,Нет,шт.,Нет,,,0
Отвертка шлиц 3 мм(DIN ISO 2380. 54НRC.1000V),8203,6.5,Да,,30.07.2020,,,Слесарный. монтажный. строительный. образивный инструмент и электроинструмент,Нет,Есть,Нет,шт.,Нет,,,0
Отвертка шлиц 3.5 мм(DIN ISO 2380. 54НRC.1000V),8203,7.6,Да,,30.07.2020,,,Слесарный. монтажный. строительный. образивный инструмент и электроинструмент,Нет,Есть,Нет,шт.,Нет,,,0
Отвёртка шлиц 3.5мм (SoftFinish electric slimFix SL3.5x100мм WIHA 35446),8203,13,Да,WIHA,31.01.2019,DIN ISO 2380. 1000V,,Слесарный. монтажный. строительный. образивный инструмент и электроинструмент,Нет,Есть,Нет,шт.,Нет,,,0
Отвёртка шлиц 4.5мм (SoftFinish electric slimFix SL4.5x125мм WIHA 35501),8203,14,Да,WIHA,31.01.2019,DIN ISO 2380. 1000V,,Слесарный. монтажный. строительный. образивный инструмент и электроинструмент,Нет,Есть,Нет,шт.,Нет,,,0
Отвертка шлиц 4мм(DIN ISO 2380. 54НRC.1000V),8203,7.1,Да,,30.07.2020,,,Слесарный. монтажный. строительный. образивный инструмент и электроинструмент,Нет,РБ,Нет,шт.,Нет,,,0
Отвёртка шлиц 5.5мм (SoftFinish electric slimFix SL5.5x125мм WIHA 35391),8203,17,Да,WIHA,31.01.2019,DIN ISO 2380. 1000V,,Слесарный. монтажный. строительный. образивный инструмент и электроинструмент,Нет,Есть,Нет,шт.,Нет,,,0
Отвертка шлиц 5.5мм(DIN ISO 2380. 54НRC.1000V),8203,9,Да,,30.07.2020,,,Слесарный. монтажный. строительный. образивный инструмент и электроинструмент,Нет,Есть,Нет,шт.,Нет,,,0
Отвертка-ключ торцевой SW7(DIN ISO 3125. 54НRC.1000V),8203,26.6,Да,,30.07.2020,,,Слесарный. монтажный. строительный. образивный инструмент и электроинструмент,Нет,Нет,Нет,шт.,Нет,,,0
Отвертка-ключ торцевойSW8(DIN ISO 3125. 54НRC.1000V),8203,27.5,Да,,30.07.2020,,,Слесарный. монтажный. строительный. образивный инструмент и электроинструмент,Нет,РБ,Нет,шт.,Нет,,,0
Панель монтажная,,96,Нет,"РУП ""БЭМН""",,,,Электроаппараты,Нет,Есть,Есть,,Нет,,,0
Пассатижи 160 мм(DIN ISO 5746. 64НRC. 1000V),8203,37.7,Да,,30.07.2020,,,Слесарный. монтажный. строительный. образивный инструмент и электроинструмент,Нет,РБ,Нет,шт.,Нет,,,0
Паяльник(Matrix 913036 60Вт/220В),8203,25,Да,,31.01.2019,Matrix 913036 60Вт/220В,,Слесарный. монтажный. строительный. образивный инструмент и электроинструмент,Нет,Нет,Нет,шт.,Нет,,,0
Паяльник стержневой 40Вт/12В),8203,25,Да,,13.09.2021,автомобильный 12В. 40Вт. керамический нагреватель,,Слесарный. монтажный. строительный. образивный инструмент и электроинструмент,Нет,Нет,Нет,шт.,Нет,,,0
Пена монтажная,8536,9.6,Нет,,16.08.2018,750 мл,,Клея. герметики,Нет,РБ,Нет,шт.,Нет,,,0
Переключатель 4G10 10U,8536,12,Нет,"ОДО ""Белтехпром""",16.08.2018,10 А,0-1 (3 контакта),Электроаппараты,Нет,РБ,Нет,шт.,Нет,,,0
Переключатель 4G10 202U,8536,40,Нет,"ОДО ""Белтехпром""",30.07.2020,10 А,Управление (2 галеты),Электроаппараты,Нет,РБ,Нет,шт.,Нет,,,0
Переключатель 4G10 203U,8536,12,Нет,"ОДО ""Белтехпром""",16.08.2018,10 А,Управление 3 галеты,Электроаппараты,Нет,РБ,Нет,шт.,Нет,,,0
Переключатель 4G10 498U,8536,50,Нет,"ОДО ""Белтехпром""",30.07.2020,10 А,1-2 (2 галеты),Электроаппараты,Нет,РБ,Нет,шт.,Нет,,,0
Переключатель 4G10 52U,8536,35,Нет,"ОДО ""Белтехпром""",30.07.2020,10 А,1-0-2 (4 контакта),Электроаппараты,Нет,РБ,Нет,шт.,Нет,,,0
Переключатель 4G10 66U,8536,50,Нет,"ОДО ""Белтехпром""",30.07.2020,10 А,Для ТН-6-10-35кВ,Электроаппараты,Нет,РБ,Нет,шт.,Нет,,,0
Переключатель 4G10 688U,8536,50,Нет,"ОДО ""Белтехпром""",30.07.2020,10 А,Контроль ШУ,Электроаппараты,Нет,РБ,Нет,шт.,Нет,,,0
Переключатель ПВ3-16,8536,5,Да,,30.07.2020,,,Электроаппараты,Нет,Нет,Нет,шт.,Нет,,,0
Переключатель ПК-1612 М6016 УХЛ3 16А,8536,85,Да,,31.01.2019,,Для ТН-6-10-35кВ,Электроаппараты,Нет,Нет,Нет,шт.,Нет,,,0
Переключатель ПК16 16С2001,8536,85,Да,,31.01.2019,,На 3 положения,Электроаппараты,Нет,Нет,Нет,шт.,Нет,,,Фото
Переключатель ПКУ3 11С3069,8536,40,Да,,30.07.2020,16 А 380 В,4 положения 3 галеты,Электроаппараты,Нет,РБ,Нет,шт.,Нет,,,0
Переключатель ТО-1-8220/Е,8536,22.55,Да,Eaton,16.08.2018,,,Электроаппараты,Нет,Нет,Нет,шт.,Нет,,,0
Переключатель ТО-2-15404/Е тип 0-1 4нз на 1 (секц. ТН),8536,30.55,Да,Eaton,05.10.2017,,,Электроаппараты,Нет,Нет,Нет,шт.,Нет,,,0
Переключатель ТО-2-8177/Е тип start-1-02-start (АМР),8536,18.85,Да,Eaton,05.10.2017,,,Электроаппараты,Нет,Нет,Нет,шт.,Нет,,,0
Переключатель ТО-2-8211/Е тип 1-0-2 на 2но на 1 . 2 ( ШРОТ),8536,18.79,Да,Eaton,05.10.2017,,,Электроаппараты,Нет,Нет,Нет,шт.,Нет,,,0
Переключатель ТО-2-8215/Е тип 1>0<2 2но на 1 и 2(КУ),8536,22.55,Да,Eaton,16.08.2018,,,Электроаппараты,Нет,Нет,Нет,шт.,Нет,,,0
Переключатель ТО-2-8221/Е тип 1-2 на 2 но на 1 и 2 (2xНКР-2),8536,22.18,Да,Eaton,16.08.2018,,,Электроаппараты,Нет,Нет,Нет,шт.,Нет,,,0
Переключатель ТО-2-8223/Е тип 1-2 на 4но на 1 . 2 (4xНКР-2),8536,30.55,Да,Eaton,05.10.2017,,,Электроаппараты,Нет,Нет,Нет,шт.,Нет,,,0
Переключатель ТО-2-8230/Е тип 1-2-3 на 1но на 1 . 2.3 (НКР-3),8536,18.02,Да,Eaton,05.10.2017,,,Электроаппараты,Нет,Нет,Нет,шт.,Нет,,,0
Переключатель ТО-2-8241/Е тип0-1-2-3 1 нз на 1-2-3 (обог. ),8536,36.66,Да,Eaton,16.08.2018,,,Электроаппараты,Нет,Нет,Нет,шт.,Нет,,,0
Переключатель ТО-3-15394/Е тип 1>0<2 (ШОП),8536,30.55,Да,Eaton,05.10.2017,,,Электроаппараты,Нет,Нет,Нет,шт.,Нет,,,0
Переключатель ТО-3-15423/Е,8536,30.55,Да,Eaton,05.10.2017,,,Электроаппараты,Нет,Нет,Нет,шт.,Нет,,,0
"Переключатель ТО-3-8007/Е тип фазное_линейное с ""О"" круг для ТН",8536,31.1,Да,Eaton,16.08.2018,,,Электроаппараты,Нет,Нет,Нет,шт.,Нет,,,0
Переключатель ТО-3-8212/Е тип 1-0-2 на 3но на 1 . 2,8536,30.55,Да,Eaton,05.10.2017,,,Электроаппараты,Нет,Нет,Нет,шт.,Нет,,,0
Переключатель ТО-3-8212/Е тип 1-0-2 на 3но на 1 . 2,8536,30.55,Да,Eaton,05.10.2017,,,Электроаппараты,Нет,Нет,Нет,шт.,Нет,,,0
Переключатель ТО-3-8216/Е тип 1>0<2 3но на 1 и 2(КУ),8536,36.66,Да,Eaton,16.08.2018,,,Электроаппараты,Нет,Нет,Нет,шт.,Нет,,,0
Переключатель ТО-3-8222/Е тип 1-2 на 3но на 1 и 2 (3xНКР-2),8536,18.02,Да,Eaton,05.10.2017,,,Электроаппараты,Нет,Нет,Нет,шт.,Нет,,,0
Переключатель ТО-4-8213/Е тип 1-0-2 на 4но на 1 . 2 (2xШРОТ или ЦС),8536,81.97,Да,Eaton,16.08.2018,,,Электроаппараты,Нет,Нет,Нет,шт.,Нет,,,0
Переключатель ТО-4-8223/Е тип 1-2 на 4но на 1 . 2 ( ЦС),8536,30.55,Да,Eaton,05.10.2017,,,Электроаппараты,Нет,Нет,Нет,шт.,Нет,,,0
Переключатель ТО-5-8369/Е тип 1-2 на 5но на 1 . 2,8536,30.55,Да,Eaton,05.10.2017,,,Электроаппараты,Нет,Нет,Нет,шт.,Нет,,,0
Переключатель фаз PF-431,8536,73,Нет,Евроавтоматика,06.10.2017,,,Электроаппараты,Нет,РБ,Нет,шт.,Нет,,,0
Переключатель Moeller T0-2-8215/E (022236),8536,17.4,Да,Eaton,07.09.2015,,,Электроаппараты,Нет,Нет,Нет,шт.,Нет,,,0
Переключатель Moeller T0-3-8212/E (029353),8536,22.36,Да,Eaton,07.09.2015,,6 галет 3 положения,Электроаппараты,Нет,Нет,Нет,шт.,Нет,,,0
Переключатель Moeller T0-3-8222/E (048339),8536,22.36,Да,Eaton,07.09.2015,,6 галет 2 положения,Электроаппараты,Нет,Нет,Нет,шт.,Нет,,,0
Переключатель Moeller T0-4-8213/E (031726),8536,22.36,Да,Eaton,07.09.2015,,4 полюса 3 положения,Электроаппараты,Нет,Нет,Нет,шт.,Нет,,,0
Переключатель Moeller TO-6-8370/E,8536,38.14,Да,Eaton,07.09.2015,,,Электроаппараты,Нет,Нет,Нет,шт.,Нет,,,0
Переключатель T0-8-8372/E. тип 1-2. 20А. 8н.о./на 1 и 2. на дверь. IP65 FS943,8536,85,Да,Eaton,29.01.2020,,,Электроаппараты,Нет,Нет,,шт.,Нет,,,0
Перемычка гребенка РС8-10.50А. 10контактов (для клемм ZS10),8536,2.41,Да,Enterlec,05.10.2017,,,Электроаппараты,Нет,Нет,Нет,шт.,Нет,,,0
Перемычка к проходной клемме RК 6-10/35 2-х конт. QI 2 YE,8536,1.5,Да,CONTA-CLIP,30.07.2020,,,Электроаппараты,Нет,Нет,Нет,шт.,Нет,,,0
Перемычка JВS-10 для клемм ZS4(ZК2.5)/5.2 10полюсов,8536,2.72,Да,Enterlec,05.10.2017,,,Электроаппараты,Нет,Нет,Нет,шт.,Нет,,,0
Плоскогубцы с удлиненными плоскими губками и режущими кромками(KNIPEX 25 16 200),8203,90,Да,,31.01.2019,Твердость около 61 HRC.изолированная рукоятка-VDE,,Слесарный. монтажный. строительный. образивный инструмент и электроинструмент,Нет,Нет,Нет,шт.,Нет,,,0
Пресс-клещи для контактных гильз самонастраивающийся с боковой уставкой(KNIPEX 97 53 04),8203,462,Да,,31.01.2019,DIN 46 288,,Слесарный. монтажный. строительный. образивный инструмент и электроинструмент,Нет,Нет,Нет,шт.,Нет,,,0
Пресс-клещи для обжима штыревых втулочных наконечников КВТ ПКВш-6,8203,88,Да,,02.09.2021,НШВИ. НШВ: 0.25–6.0 мм²,,Слесарный. монтажный. строительный. образивный инструмент и электроинструмент,Нет,Нет,Нет,шт.,Нет,,,0
Кримпер для опрессовки изолированных наконечников КВТ CTK-01,8203,53,Да,,02.09.2021,Опрессовка изолированных наконечников. гильз и разъемов с красной. синей и желтой манжетами НКИ. НКИ(н). ВНКИ. НВИ. НИК. НШКИ. НШПИ. ГСИ. ГСИ(н). ГСИ-П. ВРПИ-П. ВРПИ-М. ВРШИ-П(н). ВРШИ-М(н). РПИ-П(н). РПИ-М(н) сечением 0.5 -6 мм²,,Слесарный. монтажный. строительный. образивный инструмент и электроинструмент,Нет,Нет,Нет,шт.,Нет,,,0
Прибор ВАФ М2,9030893000,487.31,Нет,"РУП ""БЭМН""",04.09.2015,,,Электроприборы,Да,РБ,Есть,шт.,Нет,,,0
Приставка к пускателю ПКИ-04 к контактору малогабаритному КМИ,8535,3.26,Да,,03.09.2015,230 В,,2.1 Комплектующие и материалы: Реле. контакторы всех типов,Нет,Нет,Нет,шт.,Нет,,,0
Приставка контактная ПКЛ 40М 04 Б 10А 4НО+0НЗ к пускателю ПМЛ3100 Теxenergo,8536490000,6,Нет,Теxenergo,13.07.2020,10А 4НО+0НЗ,,2.1 Комплектующие и материалы: Реле. контакторы всех типов,Нет,Есть,,,Нет,,,0
Приставка ПВИ-11 0.1-30с 1но+1нз с задеркой на срабатывание,8535,28,Да,,30.07.2020,,,2.1 Комплектующие и материалы: Реле. контакторы всех типов,Нет,Нет,Нет,шт.,Нет,,,0
Приставка ПВИ-21 0.1-30с 1но+1нз с задеркой на возврат,8535,28,Да,,30.07.2020,,,2.1 Комплектующие и материалы: Реле. контакторы всех типов,Нет,РБ,Нет,шт.,Нет,,,0
Приставка ПКИ-22(2но+2нз) к КМИ,8535,8,Да,,30.07.2020,,,2.1 Комплектующие и материалы: Реле. контакторы всех типов,Нет,РБ,Нет,шт.,Нет,,,0
Провод ПВ1-1.5,8544499108,0.29,Нет,,30.10.2020,1.5 мм.кв.,,2.1 Комплектующие и материалы: кабельно-проводниковая продукция всех типов,Нет,РБ,Нет,м,Нет,,,0
Провод ПВ1-16,8544499108,1.9,Нет,,06.10.2017,16 мм.кв.,,2.1 Комплектующие и материалы: кабельно-проводниковая продукция всех типов,Нет,РБ,Нет,м,Нет,,,0
Провод ПВ1-2.5,8544499108,0.46,Нет,,30.10.2020,2.5 мм.кв,,2.1 Комплектующие и материалы: кабельно-проводниковая продукция всех типов,Нет,РБ,Нет,м,Нет,,,0
Провод ПВ3-1,8544499108,0.3,Нет,,30.10.2020,1 мм.кв.,,2.1 Комплектующие и материалы: кабельно-проводниковая продукция всех типов,Нет,РБ,Нет,м,Нет,,,0
Провод ПВ3-1.5,8544499108,0.3,Нет,,30.10.2020,1.5 мм.кв.,,2.1 Комплектующие и материалы: кабельно-проводниковая продукция всех типов,Нет,РБ,Нет,м,Нет,,,0
Провод ПВ3-2.5,8544499108,0.47,Нет,,30.10.2020,2.5 мм.кв.,,2.1 Комплектующие и материалы: кабельно-проводниковая продукция всех типов,Нет,РБ,Нет,м,Нет,,,0
Провод ПВ3-35,8544499108,7,Нет,,30.07.2020,35 мм.кв.,,2.1 Комплектующие и материалы: кабельно-проводниковая продукция всех типов,Нет,РБ,Нет,м,Нет,,,0
Пускатель ПМЛ 2100 32А 220В,8536490000,95,Да,,30.07.2020,,,2.1 Комплектующие и материалы: Реле. контакторы всех типов,Нет,Нет,Нет,шт.,Нет,,,0
Р-110кВ,,14000,Да,,,,,1.1 Электротехническое оборудование: Комплектные трансформаторные подстанции. реакторы всех типов. измерительные трансформаторы (тока. напряжения),Нет,Нет,Нет,шт.,Нет,,,0
Разъём питания 220В АС-101 (KLS1-ASS 202),8536,2.5,Да,KLS. Китай,13.09.2021,Вид разъёма С14(Е). вилка(папа) на кабель,,Электроаппараты,Нет,,Нет,шт.,,,,
Разъём питания 220В AC-022 / L-KLS1-AS-302-1,8536,1,Да,KLS. Китай,13.09.2021,Вид разъёма С13(F). розетка(мама) на корпус,,Электроаппараты,Нет,,Нет,шт.,,,,
Разъём ШР32 Л12НШ1Н,8536,10,Да,,30.07.2020,,Разъём вторичных цепей для ячейки КС-2У,Электроаппараты,Нет,Нет,Нет,шт.,Нет,,,0
Разъем ШРГ 32 Л12 2ЭШ1( ответная часть к ШР 32 Л12 2НШ1Н),8536,20,Да,,30.07.2020,,,Электроаппараты,Нет,Нет,Нет,шт.,Нет,,,0
Разъем штепсельный РШ/ВШ 380В.32А,8536,5,Да,,30.07.2020,,,Электроаппараты,Нет,Нет,Нет,шт.,Нет,,,0
Разъём JZ-58 VCB control socket DC 10 A,8536,60,Да,LIYOND Electric Co.,12.01.2016,DC 10 A,Разъём тележки ПС КСМ,Электроаппараты,Нет,Нет,Нет,шт.,Нет,,,0
Расцепитель независимый РН47 к автоматическому выключателю ВА47-29,8536,09.06,Да,Группа компаний IEK,07.09.2015,220 В,,Автоматические выключатели,Нет,Нет,Нет,шт.,Нет,,,0
Расцепитель шунтирующий Moeller +AVHI-NZM 7 (220-240 В) Код: 026470,8536,30,Да,Eaton,,,,Автоматические выключатели,Нет,Нет,Нет,шт.,Нет,,,0
Ревун РВФ DC220В,8536,125,Да,,24.03.2020,,,Электроаппараты,Нет,Нет,Нет,шт.,Нет,,,0
Рейка CL2008 для зажима экрана кабеля,8536,8,да,OBO,04.12.2020,Рейка CL2008BP2000FS профильная. С-образная. перфорированная. 8Х20Х2000мм (ВхШхД). шлиц 11мм. конв. оцинк. Арт. 1106120,,Электроаппараты,нет,нет,нет,шт.,нет,,,0
Регистратор ДУГА-О,8536,73,Да,,14.01.2015,,,Электроаппараты,Нет,РБ,Есть,шт.,Нет,,,0
Регулятор напряжения РКТ.02,853630,,,НПЦ МИРОН,,,,2.1 Комплектующие и материалы: Реле. контакторы всех типов,Да,РБ,Есть,шт.,Нет,,,0
Регулятор температуры CRT-02 (2канала ) -50 +150,8536,116,Нет,Евроавтоматика,06.10.2017,,,Электроаппараты,Нет,РБ,Нет,шт.,Нет,,,0
Резистор 2 Вт 30кОм,8533100000,1,Да,,14.01.2015,,,Радиодетали,Нет,Нет,Нет,шт.,Нет,,,0
Резистор 20кОм 1Вт,8533100000,1,Нет,,28.10.2019,,,Радиодетали,,,,шт.,Нет,,,0
Резистор 50 Вт 30кОм,8533100000,5,Да,,14.01.2015,,,Радиодетали,Нет,Нет,Нет,шт.,Нет,,,0
Резистор переменный СП-4-1Б 220 кОм,8533100000,1.2,Да,,16.08.2018,,,Радиодетали,Нет,Нет,Нет,шт.,Нет,,,0
Резистор ПЭВ 100 620 Ом,8533100000,10,Да,,30.07.2020,,,Радиодетали,Нет,Нет,Нет,шт.,Нет,,,0
Резистор ПЭВ 50 3.3кОм,8533100000,6,Да,,16.08.2018,,,Радиодетали,Нет,Нет,Нет,шт.,Нет,,,0
Резистор ПЭВ 50 4.3кОм,8533100000,6,Да,,16.08.2018,,,Радиодетали,Нет,Нет,Нет,шт.,Нет,,,0
Резистор ПЭВ-25 1кОм 25Вт,8533100000,6,Да,,16.08.2018,,,Радиодетали,Нет,Нет,Нет,шт.,Нет,,,0
Резистор ПЭВ-25 3.9кОм 25Вт,8533100000,5,Да,,30.07.2020,,,Радиодетали,Нет,Нет,Нет,шт.,Нет,,,0
Резистор ПЭВ-50 1кОм,8533100000,4.66,Да,"ПО ""Эркон""",16.08.2018,1кОм. 50 Вт,,Радиодетали,Нет,Нет,Нет,шт.,Нет,,,0
Резистор ПЭВ-50 3.9кОм,8533100000,4.66,Да,"ПО ""Эркон""",16.08.2018,3.9кОм. 50Вт,,Радиодетали,Нет,Нет,Нет,шт.,Нет,,,0
Реле ВЛ-162 DC220В 0.1-10 сек,8536490000,220,Нет,,30.07.2020,,,2.1 Комплектующие и материалы: Реле. контакторы всех типов,Нет,Нет,Нет,шт.,Нет,,,0
Реле времени РСВ-16-1 0.1…99.9С 220В,8536490000,100,Да,,30.07.2020,,,2.1 Комплектующие и материалы: Реле. контакторы всех типов,Нет,Нет,Нет,шт.,Нет,,,0
Реле времени программируемое PCR-515 (Евроавтоматика) или аналог,8536490000,75,Нет,,15.06.2021,Напряжение питания (1-3) 230В 50Гц (3-4) 24В АС/DC. макс коммутируемый ток 2х8А АС. выдержка времени 0.1с-24суток. 2Р 2переключающих контакта,,2.1 Комплектующие и материалы: Реле. контакторы всех типов,Нет,РБ,Нет,шт.,Нет,,,0
Реле времени Eaton ETR4-70-A,8536490000,200,Да,Eaton,22.01.2020,,,,,,,,Нет,,,0
Реле времени РВО-П2-У,8536490000,10,Да,,,,,,,,,,Нет,,,0
Реле ДЗТ-11 з.п. (ЧЭАЗ г.Чебоксары),8536490000,350,Да,,30.07.2020,,,2.1 Комплектующие и материалы: Реле. контакторы всех типов,Нет,Нет,Нет,шт.,Нет,,,0
Реле контроля 3х фаз 380 CKF-BT (Евроавтоматика) или аналог,8536490000,32.47,Нет,,22.09.2015,,,2.1 Комплектующие и материалы: Реле. контакторы всех типов,Нет,РБ,Нет,шт.,Нет,,,0
Реле контроля изоляции в сети постоянного тока EMR4-RDC-1-A,8536490000,300,Да,,30.07.2020,,,2.1 Комплектующие и материалы: Реле. контакторы всех типов,Нет,Нет,Нет,шт.,Нет,,,0
Реле контроля напряжения CР-720 (Евроавтоматика) или аналог,8536490000,70,Нет,,15.06.2021,Напряжение питания 50-450В 50Гц. макс коммутируемый ток 16А АС. порог напряжений нижний 150-210В верхний 230-260В. 1Р 1 переключающий контакт,,2.1 Комплектующие и материалы: Реле. контакторы всех типов,Нет,РБ,Нет,шт.,Нет,,,0
Реле контроля изоляции ЕМР4-RDC-1-А,8536490000,300,Да,,30.07.2020,,,2.1 Комплектующие и материалы: Реле. контакторы всех типов,Нет,Нет,Нет,шт.,Нет,,,0
"Реле контроля изоляции переменного напряжения EMR4-RAC-1-A
221793",8536490000,300,Да,,30.07.2020,,,2.1 Комплектующие и материалы: Реле. контакторы всех типов,Нет,Нет,Нет,шт.,Нет,,,0
Реле контроля трехфазного напряжения РСН-25М,8536490000,84,Нет,ООО «ВНИИР-Промэлектро»,21.10.2020,380  В. 50  Гц. время 0.1-10с. винт. УХЛ3.1,,2.1 Комплектующие и материалы: Реле. контакторы всех типов,Нет,РБ,Нет,шт.,Нет,,,0
Реле МР-851 (РУП БЭМН),853630,2718,Нет,"РУП ""БЭМН""",04.09.2019,5 А. 220 В,,2.1 Комплектующие и материалы: Реле. контакторы всех типов,Да,РБ,Есть,шт.,Нет,,,0
Реле МР100 (РУП БЭМН),853630,278.04,Нет,"РУП ""БЭМН""",11.01.2017,,,2.1 Комплектующие и материалы: Реле. контакторы всех типов,Нет,РБ,Есть,шт.,Нет,,,0
Реле МР301 (аналог МР500) (РУП БЭМН),853630,1226.3,Нет,"РУП ""БЭМН""",04.09.2019,5А. 220 В,,2.1 Комплектующие и материалы: Реле. контакторы всех типов,Нет,РБ,Есть,шт.,Нет,,,0
Реле МР5 ПО70 (РУП БЭМН),853630,2253.7,Нет,"РУП ""БЭМН""",04.09.2019,5А. 220 В,,2.1 Комплектующие и материалы: Реле. контакторы всех типов,Да,РБ,Есть,шт.,Нет,,,0
Реле МР5 ПО75 (РУП БЭМН),853630,2000,Нет,"РУП ""БЭМН""",30.07.2020,5А. 24 В питание,,2.1 Комплектующие и материалы: Реле. контакторы всех типов,Нет,РБ,Есть,шт.,Нет,,,0
Реле МР5 ПО50 (РУП БЭМН),853630,1791.4,Нет,"РУП ""БЭМН""",04.09.2019,,,2.1 Комплектующие и материалы: Реле. контакторы всех типов,Нет,РБ,Есть,шт.,Нет,,,0
Реле МР5 ПО60 (РУП БЭМН),853630,1729.7,Нет,"РУП ""БЭМН""",04.09.2019,,,2.1 Комплектующие и материалы: Реле. контакторы всех типов,Да,РБ,Есть,шт.,Нет,,,0
Реле МР5 ПО70 (РУП БЭМН),853630,2253.7,Нет,"РУП ""БЭМН""",04.09.2019,5А. 220 В,,2.1 Комплектующие и материалы: Реле. контакторы всех типов,Да,РБ,Есть,шт.,Нет,,,0
Реле МР741 (РУП БЭМН),853630,2520.6,Нет,"РУП ""БЭМН""",04.09.2019,,,2.1 Комплектующие и материалы: Реле. контакторы всех типов,Нет,РБ,Есть,шт.,Нет,,,0
Реле МР801 (РУП БЭМН),853630,4559.1,Нет,"РУП ""БЭМН""",04.09.2019,,,2.1 Комплектующие и материалы: Реле. контакторы всех типов,Да,РБ,Есть,шт.,Нет,,,0
Реле напряжения ЕЛ-11.3Х380В,8536490000,50,Да,,30.07.2020,,,2.1 Комплектующие и материалы: Реле. контакторы всех типов,Нет,Нет,Нет,шт.,Нет,,,0
Реле РВ-03 (260070511),8536490000,75.33,Да,,19.05.2015,100 В Т=0.5-10с,,2.1 Комплектующие и материалы: Реле. контакторы всех типов,Нет,Нет,Нет,шт.,Нет,,,0
Реле РВ-03 (260070611),8536490000,75.33,Да,,19.05.2015,100 В Т=1-20с,,2.1 Комплектующие и материалы: Реле. контакторы всех типов,Нет,Нет,Нет,шт.,Нет,,,0
Реле РВ112 220В з.п.(ЧЭАЗ г.Чебоксары),8536490000,75.33,Да,,19.05.2015,,,2.1 Комплектующие и материалы: Реле. контакторы всех типов,Нет,Нет,Нет,шт.,Нет,,,0
Реле РВ112 220В з.п.(ЧЭАЗ г.Чебоксары),8536490000,75.33,Да,,19.05.2015,,,2.1 Комплектующие и материалы: Реле. контакторы всех типов,Нет,Нет,Нет,шт.,Нет,,,0
Реле РВ128 220В з.п.(ЧЭАЗ г.Чебоксары),8536490000,75.33,Да,,19.05.2015,,,2.1 Комплектующие и материалы: Реле. контакторы всех типов,Нет,Нет,Нет,шт.,Нет,,,0
Реле РВ132 220В з.п.(ЧЭАЗ г.Чебоксары),8536490000,75.33,Да,,19.05.2015,220 В,,2.1 Комплектующие и материалы: Реле. контакторы всех типов,Нет,Нет,Нет,шт.,Нет,,,0
Реле РВ218 220В з.п.(ЧЭАЗ г.Чебоксары),8536490000,75.33,Да,,19.05.2015,,,2.1 Комплектующие и материалы: Реле. контакторы всех типов,Нет,Нет,Нет,шт.,Нет,,,0
Реле РВ235 (26235 021) 100В з.п.(ЧЭАЗ г.Чебоксары),8536490000,75.33,Да,,19.05.2015,,,2.1 Комплектующие и материалы: Реле. контакторы всех типов,Нет,Нет,Нет,шт.,Нет,,,0
Реле РВ235 220В з.п. (ЧЭАЗ г.Чебоксары),8536490000,75.33,Да,,19.05.2015,,,2.1 Комплектующие и материалы: Реле. контакторы всех типов,Нет,Нет,Нет,шт.,Нет,,,0
Реле РВ238 220В з.п.(ЧЭАЗ г.Чебоксары),8536490000,75.33,Да,ЧЭАЗ,19.05.2015,,,2.1 Комплектующие и материалы: Реле. контакторы всех типов,Нет,Нет,Нет,шт.,Нет,,,0
Реле РВ245 100В з.п.(ЧЭАЗ г.Чебоксары),8536490000,75.33,Да,ЧЭАЗ,19.05.2015,100 В 50Гц. 1-20сек,,2.1 Комплектующие и материалы: Реле. контакторы всех типов,Нет,Нет,Нет,шт.,Нет,,,0
Реле РВ245 220В з.п.(ЧЭАЗ г.Чебоксары),8536490000,75.33,Да,ЧЭАЗ,19.05.2015,100 В 50Гц. 1-20сек,,2.1 Комплектующие и материалы: Реле. контакторы всех типов,Нет,Нет,Нет,шт.,Нет,,,0
Реле РВ248 220В з.п.(ЧЭАЗ г.Чебоксары),8536490000,75.33,Да,,19.05.2015,,,2.1 Комплектующие и материалы: Реле. контакторы всех типов,Нет,Нет,Нет,шт.,Нет,,,0
Реле РЗТ-110 (РУП БЭМН),8536490000,4552,Нет,"РУП ""БЭМН""",04.09.2019,5А,,2.1 Комплектующие и материалы: Реле. контакторы всех типов,Да,РБ,Есть,шт.,Нет,,,0
Реле РКН (ОАО БЭРН),8536490000,7,Нет,"ОАО ""БЭРН""",,,,2.1 Комплектующие и материалы: Реле. контакторы всех типов,Нет,РБ,Есть,шт.,Нет,,,0
Реле РКП (ОАО БЭРН),8536490000,7,Нет,"ОАО ""БЭРН""",,,,2.1 Комплектующие и материалы: Реле. контакторы всех типов,Нет,РБ,Есть,шт.,Нет,,,0
Реле РН-51 з.п.(ЧЭАЗ г.Чебоксары),8536490000,240,Да,,30.07.2020,,,2.1 Комплектующие и материалы: Реле. контакторы всех типов,Нет,Нет,Нет,шт.,Нет,,,0
Реле РН-51/М78 з.п.(ЧЭАЗ г.Чебоксары),8536490000,225,Да,ЧЭАЗ,04.09.2019,,,2.1 Комплектующие и материалы: Реле. контакторы всех типов,Нет,Нет,Нет,шт.,Нет,,,0
Реле РН-53/200 з.п. (ЧЭАЗ г.Чебоксары),8536490000,80,Да,,30.07.2020,200 В,,2.1 Комплектующие и материалы: Реле. контакторы всех типов,Нет,Нет,Нет,шт.,Нет,,,0
Реле РН-53/60Д з.п. (ЧЭАЗ г.Чебоксары),8536490000,33.76,Да,,22.09.2015,200 В,,2.1 Комплектующие и материалы: Реле. контакторы всех типов,Нет,Нет,Нет,шт.,Нет,,,0
Реле РН-54/160 з.п. (ЧЭАЗ г.Чебоксары),8536490000,80,Да,,30.07.2020,,,2.1 Комплектующие и материалы: Реле. контакторы всех типов,Нет,Нет,Нет,шт.,Нет,,,0
Реле РН-54/320 з.п. (ЧЭАЗ г.Чебоксары),8536490000,33.76,Да,,22.09.2015,,,2.1 Комплектующие и материалы: Реле. контакторы всех типов,Нет,Нет,Нет,шт.,Нет,,,0
Реле РНС з.п.(ЧЭАЗ г.Чебоксары),8536490000,93,Да,,14.01.2015,,,2.1 Комплектующие и материалы: Реле. контакторы всех типов,Нет,Нет,Нет,шт.,Нет,,,0
Реле РНТ-565 з.п.(ЧЭАЗ г.Чебоксары),8536490000,281.1,Да,,16.08.2018,,,2.1 Комплектующие и материалы: Реле. контакторы всех типов,Нет,Нет,Нет,шт.,Нет,,,0
Реле РНФ-1М з.п. (ЧЭАЗ г.Чебоксары),8536490000,141.75,Да,,19.05.2015,,,2.1 Комплектующие и материалы: Реле. контакторы всех типов,Нет,Нет,Нет,шт.,Нет,,,0
Реле РП-11 220В з.п.(ЧЭАЗ г.Чебоксары),8536490000,140,Да,,30.07.2020,,,2.1 Комплектующие и материалы: Реле. контакторы всех типов,Нет,Нет,Нет,шт.,Нет,,,0
Реле РП-12 220В з.п.(ЧЭАЗ г.Чебоксары),8536490000,80.8,Да,,16.08.2018,,,2.1 Комплектующие и материалы: Реле. контакторы всех типов,Нет,Нет,Нет,шт.,Нет,,,0
Реле РП-16-1 4з.2р -220В (ЧЭАЗ г.Чебоксары),8536490000,100,Да,,30.07.2020,,,2.1 Комплектующие и материалы: Реле. контакторы всех типов,Нет,Нет,Нет,шт.,Нет,,,0
Реле РП-16-4. -220В -0.5 А (ЧЭАЗ г.Чебоксары),8536490000,37.13,Да,,19.05.2015,,,2.1 Комплектующие и материалы: Реле. контакторы всех типов,Нет,Нет,Нет,шт.,Нет,,,0
Реле РП-16-4. -220В -1 А (ЧЭАЗ г.Чебоксары),8536490000,37.13,Да,,19.05.2015,,,2.1 Комплектующие и материалы: Реле. контакторы всех типов,Нет,Нет,Нет,шт.,Нет,,,0
Реле РП-16-7 4з.2р АС220В (ЧЭАЗ г.Чебоксары),8536490000,100,Да,,30.07.2020,~220 В,,2.1 Комплектующие и материалы: Реле. контакторы всех типов,Нет,Нет,Нет,шт.,Нет,,,0
Реле РП-18-5 =220 В(ЧЭАЗ г.Чебоксары),8536490000,113.33,Да,,30.07.2020,,,2.1 Комплектующие и материалы: Реле. контакторы всех типов,Нет,Нет,Нет,шт.,Нет,,,0
Реле РП-18-74 =220 В(ЧЭАЗ г.Чебоксары),8536490000,113.33,Да,,30.07.2020,Код 27 387 035 2 замык 3 размык,,2.1 Комплектующие и материалы: Реле. контакторы всех типов,Нет,Нет,Нет,шт.,Нет,,,0
Реле РП-21М-004 -110В(пост.ток) с колодкой типа 2 (4 переключающих),8536490000,20,Да,,30.07.2020,,,2.1 Комплектующие и материалы: Реле. контакторы всех типов,Нет,Нет,Нет,шт.,Нет,,,0
Реле РП-21М-004 -220В(пост.ток) с колодкой типа 2 (4 переключающих),8536490000,20,Да,,30.07.2020,,,2.1 Комплектующие и материалы: Реле. контакторы всех типов,Нет,Нет,Нет,шт.,Нет,,,0
Реле РП-21М-004 -60В(пост.ток) с колодкой типа 2 (4 переключающих),8536490000,20,Да,,30.07.2020,,,2.1 Комплектующие и материалы: Реле. контакторы всех типов,Нет,Нет,Нет,шт.,Нет,,,0
Реле РП-23 з.п. (ЧЭАЗ г.Чебоксары),8536490000,41.1,Да,,16.08.2018,220 В,,2.1 Комплектующие и материалы: Реле. контакторы всех типов,Нет,Нет,Нет,шт.,Нет,,,0
Реле РП-232 з.п. 0.5А (ЧЭАЗ г.Чебоксары),8536490000,41.1,Да,,16.08.2018,220 В 0.5А,,2.1 Комплектующие и материалы: Реле. контакторы всех типов,Нет,Нет,Нет,шт.,Нет,,,0
Реле РП-25 з.п. (ЧЭАЗ г.Чебоксары),8536490000,31.05,Да,,19.05.2015,220 В,,2.1 Комплектующие и материалы: Реле. контакторы всех типов,Нет,Нет,Нет,шт.,Нет,,,0
Реле РП-251 220В з.п.(ЧЭАЗ г.Чебоксары),8536490000,50.63,Да,,19.05.2015,,,2.1 Комплектующие и материалы: Реле. контакторы всех типов,Нет,Нет,Нет,шт.,Нет,,,0
Реле РП-252 220В з.п. (ЧЭАЗ г.Чебоксары),8536490000,50.63,Да,,19.05.2015,,,2.1 Комплектующие и материалы: Реле. контакторы всех типов,Нет,Нет,Нет,шт.,Нет,,,0
Реле РП-256 220В з.п. (ЧЭАЗ г.Чебоксары),8536490000,50.63,Да,,19.05.2015,,,2.1 Комплектующие и материалы: Реле. контакторы всех типов,Нет,Нет,Нет,шт.,Нет,,,0
Реле РП-361 5Аз.п.(ЧЭАЗ г.Чебоксары),8536490000,105.4,Да,,16.08.2018,5А,,2.1 Комплектующие и материалы: Реле. контакторы всех типов,Нет,Нет,Нет,шт.,Нет,,,0
Реле РП321 з.п.(ЧЭАЗ г.Чебоксары),8536490000,208,Да,,30.07.2020,,,2.1 Комплектующие и материалы: Реле. контакторы всех типов,Нет,Нет,Нет,шт.,Нет,,,0
Реле РП341 5А з.п.(ЧЭАЗ г.Чебоксары),8536490000,106,Да,,30.07.2020,,,2.1 Комплектующие и материалы: Реле. контакторы всех типов,Нет,Нет,Нет,шт.,Нет,,,0
Реле РПВ-01 з.п.(ЧЭАЗ г.Чебоксары),8536490000,255.83,Да,,30.07.2020,,,2.1 Комплектующие и материалы: Реле. контакторы всех типов,Нет,Нет,Нет,шт.,Нет,,,0
Реле РСВ-13-18 з.п (ЧЭАЗ г.Чебоксары),8536490000,325,Да,,04.09.2019,,,2.1 Комплектующие и материалы: Реле. контакторы всех типов,Нет,Нет,Нет,шт.,Нет,,,0
Реле РСТ-42 ВУ 10/03-2-2/-/4/1-1-УХЛ4 (РЕОН ТЕХНО) без дешунтирования,8536490000,220,Да,,19.05.2015,,,2.1 Комплектующие и материалы: Реле. контакторы всех типов,Нет,Нет,Нет,шт.,Нет,,,0
Реле РТ-40/100 з.п(ЧЭАЗ г.Чебоксары),8536490000,41.18,Да,,19.05.2015,,,2.1 Комплектующие и материалы: Реле. контакторы всех типов,Нет,Нет,Нет,шт.,Нет,,,0
Реле РТ40/10 з.п. (ЧЭАЗ г.Чебоксары),8536490000,53.7,Да,,04.09.2019,,,2.1 Комплектующие и материалы: Реле. контакторы всех типов,Нет,Нет,Нет,шт.,Нет,,10,0
Реле РТ40/2 з.п. (ЧЭАЗ г.Чебоксары),8536490000,41.18,Да,,19.05.2015,,,2.1 Комплектующие и материалы: Реле. контакторы всех типов,Нет,Нет,Нет,шт.,Нет,,,0
Реле РТ40/50 з.п. (ЧЭАЗ г.Чебоксары),8536490000,41.18,Да,,19.05.2015,,,2.1 Комплектующие и материалы: Реле. контакторы всех типов,Нет,Нет,Нет,шт.,Нет,,,0
Реле РТ40/6 з.п. (ЧЭАЗ г.Чебоксары),8536490000,60,Да,,30.07.2020,6 А,,2.1 Комплектующие и материалы: Реле. контакторы всех типов,Нет,Нет,Нет,шт.,Нет,,,0
Реле РТВ-I для привода ППО 5-10 А,8536490000,410,Да,,30.07.2020,,,2.1 Комплектующие и материалы: Реле. контакторы всех типов,Нет,Нет,Нет,шт.,Нет,,,0
Реле РТВ-IV,8536490000,300,Да,,14.01.2015,Для привода ПП-67,,2.1 Комплектующие и материалы: Реле. контакторы всех типов,Нет,Нет,Нет,шт.,Нет,,,0
Реле РТД11-01. =220 В 0.05А (ЧЭАЗ г.Чебоксары),8536490000,71.55,Да,,19.05.2015,,,2.1 Комплектующие и материалы: Реле. контакторы всех типов,Нет,Нет,Нет,шт.,Нет,,,0
Реле РТМ для привода ППО 5-200 А,8536490000,410,Да,,30.07.2020,,,2.1 Комплектующие и материалы: Реле. контакторы всех типов,Нет,Нет,Нет,шт.,Нет,,,0
Реле РТМ-II,8536490000,300,Да,,14.01.2015,Для привода ПП-67,,2.1 Комплектующие и материалы: Реле. контакторы всех типов,Нет,Нет,Нет,шт.,Нет,,,0
Реле РТМ-III,8536490000,300,Да,,14.01.2015,Для привода ПП-67,,2.1 Комплектующие и материалы: Реле. контакторы всех типов,Нет,Нет,Нет,шт.,Нет,,,0
Реле РУ-21 -0.1А з.п. (ЧЭАЗ г.Чебоксары) (пост.ток),8536490000,46,Нет,,15.04.2015,0.1 А,,2.1 Комплектующие и материалы: Реле. контакторы всех типов,Нет,Нет,Нет,шт.,Нет,,,0
Реле РУ-21/0.016 з.п. (ЧЭАЗ г.Чебоксары) (перем.ток),8536490000,46,Да,ЧЭАЗ,16.08.2018,,,2.1 Комплектующие и материалы: Реле. контакторы всех типов,Нет,Нет,Нет,,Нет,,,0
Реле РУ-21/0.016 з.п. (ЧЭАЗ г.Чебоксары) (пост.ток),8536490000,46,Да,ЧЭАЗ,16.08.2018,,,2.1 Комплектующие и материалы: Реле. контакторы всех типов,Нет,Нет,Нет,шт.,Нет,,,0
Реле РУ-21/0.05 з.п. (ЧЭАЗ г.Чебоксары) (пост.ток),8536490000,46,Да,,16.08.2018,,,2.1 Комплектующие и материалы: Реле. контакторы всех типов,Нет,Нет,Нет,шт.,Нет,,,0
Реле РУ-21/0.05 з.п.(ЧЭАЗ г.Чебоксары) (перем.ток),8536490000,46,Да,,16.08.2018,0.05 А,,2.1 Комплектующие и материалы: Реле. контакторы всех типов,Нет,Нет,Нет,шт.,Нет,,,0
Реле РУ-21/0.16 з.п. (ЧЭАЗ г.Чебоксары) (пост.ток),8536490000,46,Да,,16.08.2018,0.016,,2.1 Комплектующие и материалы: Реле. контакторы всех типов,Нет,Нет,Нет,шт.,Нет,,,0
Реле РУ-21/220 з.п.(ЧЭАЗ г.Чебоксары) (пост.ток),8536490000,46,Да,,15.04.2015,220 В,,2.1 Комплектующие и материалы: Реле. контакторы всех типов,Нет,Нет,Нет,шт.,Нет,,,0
Реле РУ21/0.16 з.п.(ЧЭАЗ г.Чебоксары) (перем.ток),8536490000,46,Да,,16.08.2018,0.16 А,,2.1 Комплектующие и материалы: Реле. контакторы всех типов,Нет,Нет,Нет,шт.,Нет,,,0
Реле РУ21/0.25 з.п.(ЧЭАЗ г.Чебоксары) (пост.ток),8536490000,46,Да,,16.08.2018,0.25 А,,2.1 Комплектующие и материалы: Реле. контакторы всех типов,Нет,Нет,Нет,шт.,Нет,,,0
Реле РУ21/0.5 з.п.(ЧЭАЗ г.Чебоксары) (пост.ток),8536490000,46,Да,,16.08.2018,0.5 А,,2.1 Комплектующие и материалы: Реле. контакторы всех типов,Нет,Нет,Нет,шт.,Нет,,,0
Реле РЭУ-11-21-5-40У3 230В.50Гц,8536490000,56.5,Да,,04.09.2019,,,2.1 Комплектующие и материалы: Реле. контакторы всех типов,Нет,Нет,Нет,шт.,Нет,,,0
Реле РЭУ11-0.05 (ЧЭАЗ г.Чебоксары) (перем.ток),8536490000,56.5,Да,,04.09.2019,,,2.1 Комплектующие и материалы: Реле. контакторы всех типов,Нет,Нет,Нет,шт.,Нет,,,0
Реле РЭУ11-0.16 (ЧЭАЗ г.Чебоксары) (перем.ток),8536490000,60,Да,,16.08.2018,,,2.1 Комплектующие и материалы: Реле. контакторы всех типов,Нет,Нет,Нет,шт.,Нет,,,0
Реле РЭУ11-0.25 (ЧЭАЗ г.Чебоксары) (пост.ток),8536490000,56.5,Да,,04.09.2019,,,2.1 Комплектующие и материалы: Реле. контакторы всех типов,Нет,Нет,Нет,шт.,Нет,,,0
Реле РЭУ11-0.5 (ЧЭАЗ г.Чебоксары) (пост.ток),8536490000,56.5,Да,,04.09.2019,,,2.1 Комплектующие и материалы: Реле. контакторы всех типов,Нет,Нет,Нет,шт.,Нет,,,0
Реле finder 55.33.8.230.000 (~230V AC),8536490000,7.72,Да,,19.05.2015,,,2.1 Комплектующие и материалы: Реле. контакторы всех типов,Нет,Нет,Нет,шт.,Нет,,,0
Реле finder 62.33.8.230.0040 (~230V АC),8536490000,11.9,Да,,19.05.2015,,,2.1 Комплектующие и материалы: Реле. контакторы всех типов,Нет,Нет,Нет,шт.,Нет,,,0
Реле finder 62.33.9.220.0040 (-220V DC),8536490000,16.4,Да,,19.05.2015,,,2.1 Комплектующие и материалы: Реле. контакторы всех типов,Нет,Нет,Нет,шт.,Нет,,,0
Реле R4N-2014-23-1220-WT DC220В 6A 4 ноз,8536490000,10,Да,Relpol,30.07.2020,,,2.1 Комплектующие и материалы: Реле. контакторы всех типов,Нет,Нет,Нет,шт.,Нет,,,0
Реле RUC-1013-26-1220-K DC220В 16А 3 ноз,8536490000,24,Да,Relpol,16.08.2018,,,2.1 Комплектующие и материалы: Реле. контакторы всех типов,Нет,Нет,Нет,шт.,Нет,,,0
Реле RUC-1013-26-3220-K АC220В 16А 3ноз,8536490000,20,Да,Relpol,16.08.2018,,,2.1 Комплектующие и материалы: Реле. контакторы всех типов,Нет,Нет,Нет,шт.,Нет,,,0
Релейная панель,853710,150,Нет,ЦРО,,,,1.1 Электротехническое оборудование: Щитовая продукция (ящики силовые. шкафы вводно-распределительные. щиты освещения и т.д.),Нет,РБ,Есть,шт.,Нет,,,0
Релейный модуль RIF-2-RPT-LV-230AC-4X21 (Foenix contakt) №2903304 с реле REL-IR4/L-230AC/4X21,8536490000,16.8,Да,PHOENIX CONTACT,01.08.2015,230 V AC,,2.1 Комплектующие и материалы: Реле. контакторы всех типов,Нет,Нет,Нет,шт.,Нет,,,0
Ретом ВЧ,9031200000,1000,Да,НПП Динамика,14.01.2015,,,1.1 Электротехническое оборудование: Поверочное оборудование,Нет,Нет,Нет,шт.,Нет,,,0
"Ретом-21 (НПП ""Динамика"" г.Чебоксары)",9031200000,2000,Да,НПП Динамика,14.01.2015,,,1.1 Электротехническое оборудование: Поверочное оборудование,Нет,Нет,Нет,шт.,Нет,,,0
"Ретометр (НПП ""Динамика"" г.Чебоксары)",9031200000,200,Да,НПП Динамика,14.01.2015,,,1.1 Электротехническое оборудование: Поверочное оборудование,Нет,Нет,Нет,шт.,Нет,,,0
Решетка вентиляционная 250Х170мм с сеткой. белая,8536,10,Да,,30.07.2020,,,Электроаппараты,Нет,Нет,Нет,шт.,Нет,,,0
Розетка двухполюсная Рар-3-ОП 250В.16А,8536,6.53,Нет,,30.07.2020,,,Розетки.выключатели. установочные изделия,Нет,Нет,Нет,шт.,Нет,,,0
Розетка евро с заземлением на дин-рейку 220В 16А,8536,18,Нет,,16.08.2018,,,Розетки.выключатели. установочные изделия,Нет,РБ,Нет,шт.,Нет,,,0
Розетки внешние ОП РА-10-001,8536,2.8,Нет,,16.08.2018,10А,,Розетки.выключатели. установочные изделия,Нет,РБ,Нет,шт.,Нет,,,0
Сверло по металлу 11мм,8207503000,5,Да,,09.04.2021,С цилиндричиским хвостиком 10мм,,Слесарный. монтажный. строительный. образивный инструмент и электроинструмент,Нет,Нет,Нет,шт.,,,,
Сверло по металлу 12мм,8207503000,5,Да,,09.04.2021,С цилиндричиским хвостиком 10мм,,Слесарный. монтажный. строительный. образивный инструмент и электроинструмент,Нет,Нет,Нет,шт.,,,,
Сверло по металлу 3.0 мм,8207503000,2,Да,,09.04.2021,,,Слесарный. монтажный. строительный. образивный инструмент и электроинструмент,Нет,Нет,Нет,шт.,,,,
Сверло по металлу 4.0мм,8207503000,2,Да,,09.04.2021,,,Слесарный. монтажный. строительный. образивный инструмент и электроинструмент,Нет,Нет,Нет,шт.,,,,
Сверло по металлу 5.0мм,8207503000,3,Да,,09.04.2021,,,Слесарный. монтажный. строительный. образивный инструмент и электроинструмент,Нет,Нет,Нет,шт.,,,,
Светильник светодиодный 12Вт 220В,8536,18,Нет,,16.08.2018,,,Лампы светодиодные,Нет,РБ,Нет,шт.,Нет,,,0
Светильник светодиодный 36Вт 220В 3000 Лм 1200мм,8536,25,Нет,,23.07.2021,36W 220V 6500K 3000Lm 1200мм,,Лампы светодиодные,Нет,РБ,Нет,шт.,Нет,,,0
Стул со спинкой,9401610000,85,Нет,,05.07.2019,,,Хозтовары и хозинветарь,Нет,Есть,Есть,шт.,Да,,,0
Средство от укусов комаров и клещей,4814907009,5,нет,,09.04.2021,,,Хозтовары и хозинветарь,Нет,Есть,Нет,,,,,
"Счетчик эл.энергии перем. Тока стат. ""ГРАН-ЭЛЕКТРО СС-301.5.1/U/1""3x230/400 5(40)А кл.1RS-485",902830,441,Нет,,15.02.2015,,,2.1 Комплектующие и материалы: электросчётчики,Нет,РБ,Есть,шт.,Нет,,,0
"Счетчик эл.энергии СС301.5.1/Р(L) K RS-485 ""3х57.7/100В 5(7.5)А кл.0.5S",902830,522.29,Нет,,16.08.2018,,Двухпортовый,2.1 Комплектующие и материалы: электросчётчики,Нет,РБ,Есть,шт.,Нет,,,0
"Счетчик эл.энергии СС301.5.1/Р(L) KC ""3х57.7/100В 5(7.5)А кл.0.5S RS-485 без импульсных выходов. модуль расширения RS-485",902830,522.29,Нет,,16.08.2018,,,2.1 Комплектующие и материалы: электросчётчики,Нет,РБ,Есть,шт.,Нет,,,0
Табло светодиодное AD26A-102x31,8536,11.27,Нет,ОДО БСВэлектро,15.08.2015,,http://bsvelectro.com/content/view/133/109/,Лампы светодиодные,Нет,РБ,Нет,шт.,Нет,,,2
Табло сигнальное СПИУ -5А-Ж-220-ТСБ,8536,161.44,Нет,,15.03.2015,,,Лампы светодиодные,Нет,РБ,Нет,шт.,Нет,,,0
Терминал управления ДГК Бреслер,8536,3500,Да,,14.01.2015,,,Электроаппараты,Нет,РБ,Есть,шт.,Нет,,,0
Терминал центральной сигнализации ТЦС-100(РУП БЭМН),8536,2826.7,Нет,"РУП ""БЭМН""",04.09.2019,220 В,,1.1 Электротехническое оборудование: Радио-. электроизмерительные приборы. приборы релейной защиты и автоматического контроля. установки ии приборы для испытания электрооборудования,Да,РБ,Есть,шт.,Нет,,,0
Термос армейский 6 литров пищевой нержавеющая колба,,150,Нет,,29.06.2020,Материал колбы и корпуса нержавеющая сталь,,,,,,,Нет,,,0
Термостат на нагрев ST0 011,8536,24.76,Да,STEGO,16.08.2018,,,Электроаппараты,Нет,Нет,Нет,шт.,Нет,,,0
Термостат на охлаждение STS 011,8536,20.63,Да,STEGO,05.10.2017,,,Электроаппараты,Нет,Нет,Нет,шт.,Нет,,,0
Трансформатор 100/220 В 1кВт,8536,60,Нет,,30.07.2020,,,Трансформаторы вспомогательные,Нет,РБ,Нет,шт.,Нет,,,0
Трансформатор 220/12 В малогабаритный 100 Вт,8536,60,Нет,,30.07.2020,,,Трансформаторы вспомогательные,Нет,РБ,Нет,шт.,Нет,,,0
Трансформатор 220/220 В 1кВт,8536,60,Нет,,30.07.2020,,,Трансформаторы вспомогательные,Нет,РБ,Нет,шт.,Нет,,,0
Трансформатор тока Т-0.66 0.5S 75/5,8536,22.65,Нет,,30.07.2020,,,1.1 Электротехническое оборудование: Комплектные трансформаторные подстанции. реакторы всех типов. измерительные трансформаторы (тока. напряжения),Нет,РБ,Нет,шт.,Нет,,,0
Трос ленточный буксировочный,5607491100,30,нет,,21.10.2020,"Длина 5 метров. максимальная нагрузка 5 т.
количество крюков 2.",,Хозтовары и хозинветарь,нет,есть,нет,шт.,да,,,0
Труба гофрированная ПВХ 20мм с зондом,8536,0.33,Да,,30.07.2020,,,Изоляционные материалы,Нет,Нет,Нет,м,Нет,,,0
Трубка ПВХ 12мм. м,8536,0.39,Нет,,30.07.2020,белая,,Изоляционные материалы,Нет,РБ,Нет,м,Нет,,,0
Трубка ПВХ 4мм. м,8536,0.36,Нет,,16.08.2018,белая,,Изоляционные материалы,Нет,РБ,Нет,м,Нет,,,0
Трубка ПВХ для печати маркировки провода и кабеля диаметром 4.0 мм 200м,8536,120,Нет,,28.01.2020,IB 4020 бренд Mark Series или аналог,,Изоляционные материалы,Нет,Нет,Нет,рулон,Нет,,,0
Трубка термоусаживаемая d8мм прозрачная (м),8536,0.9,Да,,03.05.2021,термоусаживаемая d8мм прозрачная,,Изоляционные материалы,Нет,Нет,Нет,м,Нет,,,0
"Трубка ТВ-40 ПВХ d4мм ""кембрик"" (м)",8536,0.26,Да,,28.01.2020,Rexant 49-5004,,Изоляционные материалы,Нет,Нет,Нет,м,Нет,,,0
"Трубка ТВ-40 ПВХ d7мм ""кембрик"" (м)",8536,0.5,Нет,,28.01.2020,Rexant 49-5007 или аналог,,Изоляционные материалы,Нет,РБ,Нет,м,Нет,,,0
Уайт-спирит нефрас С4 1литр,8203,7,Нет,Нафтан,11.03.2021,С-4-150/200. бесцветный,,Строительные материалы,Нет,Есть,Нет,шт.,да,,,
Указатель положений УП 8514/2 ,8536,600,Нет,"МНПП ""Электроприбор""",03.11.2020,,,1.1 Электротехническое оборудование: Радио-. электроизмерительные приборы. приборы релейной защиты и автоматического контроля. установки ии приборы для испытания электрооборудования,Нет,РБ,Нет,шт.,Нет,,,
Упоры для DIN-рейки,8536,0.48,Нет,,16.08.2018,,,Электроаппараты,Нет,РБ,Нет,шт.,Нет,,,0
Устройство дуговой защиты МДО1(БЭМН),8536,661.8,Нет,"РУП ""БЭМН""",16.08.2018,,,Электроаппараты,Нет,РБ,Есть,шт.,Нет,,,0
Устройство дуговой защиты УДЗ. ПС-4 /ДО-2 – 2. У3,8536,912,Нет,СинтезЭлектро,17.03.2017,2 оптоволокна с самотестированием,,Электроаппараты,Нет,РБ,Есть,шт.,Нет,,,0
Устройство дуговой защиты УДЗ. ПС-4 /ДО-2 – 3. У3,8536,1000,Нет,СинтезЭлектро,17.03.2017,3 оптоволокна с самотестированием,,Электроаппараты,Нет,РБ,Есть,шт.,Нет,,,0
Устройство дуговой защиты УДЗ. ПС-4 /ДО-2 – 4. У3,8536,1020,Нет,СинтезЭлектро,17.03.2017,4 оптоволокна,,Электроаппараты,Нет,РБ,Есть,шт.,Нет,,,0
Устройство защиты компьютерной сети от перенапряжений,8536,85,Да,,14.01.2015,,,Электроаппараты,Нет,Нет,Нет,шт.,Нет,,,0
Устройство измерительное Е 855/2ЭС-Ц 75-125В,8536,240,Нет,,,,,1.1 Электротехническое оборудование: Радио-. электроизмерительные приборы. приборы релейной защиты и автоматического контроля. установки ии приборы для испытания электрооборудования,Нет,РБ,Нет,шт.,Нет,,,0
Устройство измерительное Е 855/2ЭС-Ц.3 0-125В,8536,240,Нет,,,,,1.1 Электротехническое оборудование: Радио-. электроизмерительные приборы. приборы релейной защиты и автоматического контроля. установки ии приборы для испытания электрооборудования,Нет,РБ,Нет,шт.,Нет,,,0
Устройство измерительное Е 855/2ЭС-Ц.3 0-400В,8536,240,Нет,,,,,1.1 Электротехническое оборудование: Радио-. электроизмерительные приборы. приборы релейной защиты и автоматического контроля. установки ии приборы для испытания электрооборудования,Нет,РБ,Нет,шт.,Нет,,,0
Устройство измерительное ЦП 9010У-4-3-4,8536,1162,Нет,,30.07.2020,,,1.1 Электротехническое оборудование: Радио-. электроизмерительные приборы. приборы релейной защиты и автоматического контроля. установки ии приборы для испытания электрооборудования,Нет,РБ,Нет,шт.,Нет,,,0
Устройство испытательное РЕТОМ-21.2 с аксессуарами,8203,11160,Да,,15.03.2015,,,1.1 Электротехническое оборудование: Поверочное оборудование,Нет,Нет,Нет,шт.,Нет,,,0
Устройство контроля напряжения сигнальное (УКНС),8536,300,Нет,"ОАО ""БЭРН""",,,,2.1 Комплектующие и материалы: Реле. контакторы всех типов,Нет,РБ,Есть,шт.,Нет,,,0
Устройство контроля пульсаций (УКП),8536,300,Нет,"ОАО ""БЭРН""",,,,2.1 Комплектующие и материалы: Реле. контакторы всех типов,Нет,РБ,Есть,шт.,Нет,,,0
Устройство сигнализации ПС-7,8536,912,Нет,СинтезЭлектро,17.03.2017,,,Электроаппараты,Нет,РБ,Есть,шт.,Нет,,,0
Устройство Сириус-2-ОМП,8536,3400,Нет,"ЗАО ""Радиус-Автоматика""",04.09.2019,,,Электроаппараты,,,,,Нет,,,0
Утконосы 160мм(DIN ISO 5745. 64НRC. 1000V),8203,30,Да,,30.07.2020,,,Слесарный. монтажный. строительный. образивный инструмент и электроинструмент,Нет,РБ,Нет,шт.,Нет,,,0
Утконосы наклонные 160мм(DIN ISO 5745. 64НRC.1000V),8203,30,Да,,30.07.2020,,,Слесарный. монтажный. строительный. образивный инструмент и электроинструмент,Нет,РБ,Нет,шт.,Нет,,,0
Фиксатор МВА для цоколя GUC,8536,0.48,Да,Relpol,16.08.2018,,,Электроаппараты,Нет,Нет,Нет,шт.,Нет,,,0
Фиксатор G4 для цоколей GZT,8536,0.23,Да,Relpol,05.10.2017,,,Электроаппараты,Нет,Нет,Нет,шт.,Нет,,,0
Фиксирующий индикатор Пума 1100,8536,2120,Нет,,14.01.2015,,,Электроаппараты,Нет,РБ,Нет,шт.,Нет,,,0
Фиксирующий индикатор Пума 2300,8536,1424,Нет,,14.01.2015,,,Электроаппараты,Нет,РБ,Нет,шт.,Нет,,,0
Фильтр присоединения ФПО 110 6.4/140-600,8536,219.3,Да,,14.01.2015,,,Электроаппараты,Нет,Нет,Нет,шт.,Нет,,,0
Фильтр присоединения ФПО 110 6.4/36-140,8536,219.3,Да,,14.01.2015,,,Электроаппараты,Нет,Нет,Нет,шт.,Нет,,,0
Фототиристор ТФ 132-25-10-1У3,8203,16,Нет,,09.01.2019,,,Радиодетали,Нет,Нет,Нет,шт.,Нет,,,0
Фронтальные клещи автоматические для гильзовых наконечников 0.14-6 мм2,8203,124,Да,,25.03.2015,,,Слесарный. монтажный. строительный. образивный инструмент и электроинструмент,Нет,Нет,Нет,шт.,Нет,,,0
Хомут нейлон 3Х100 уп- 100шт.,8536,1.8,Нет,,16.08.2018,,,Изоляционные материалы,Нет,РБ,Нет,шт.,Нет,,,0
Хомут нейлон 3Х150 уп- 100шт.,8536,1.8,Нет,,16.08.2018,,,Изоляционные материалы,Нет,РБ,Нет,шт.,Нет,,,0
Хомут нейлон3.6х 150 уп-100шт.,8536,1.8,Нет,,16.08.2018,,,Изоляционные материалы,Нет,РБ,Нет,шт.,Нет,,,0
Хомут нейлон3.6х 200 уп-100шт.,8536,1.8,Нет,,16.08.2018,,,Изоляционные материалы,Нет,РБ,Нет,шт.,Нет,,,0
Хомут нейлон3х 200 уп-100шт.,8536,1.8,Нет,,16.08.2018,,,Изоляционные материалы,Нет,РБ,Нет,шт.,Нет,,,0
Цифровое устройство оперативной блокировки СИРИУС-2ОБ,8536,6800,Да,"ЗАО ""Радиус-Автоматика""",14.12.2016,,,Электроаппараты,Нет,Нет,Нет,шт.,Нет,,,0
Цифровой преобразователь ЦА 9254 Р 4 1 0 1 2,9030331000,380,Нет,Энергосоюз,06.10.2017,0-5 А. питание ~=220 В. цвет индикатора – зеленый,,1.1 Электротехническое оборудование: Радио-. электроизмерительные приборы. приборы релейной защиты и автоматического контроля. установки ии приборы для испытания электрооборудования,Нет,РБ,Нет,шт.,Нет,,,0
Цифровой преобразователь ЦВ 9255 Р 1 1 0 1 2 (10000/100),9030331000,380,Нет,Энергосоюз,06.10.2017,,,1.1 Электротехническое оборудование: Радио-. электроизмерительные приборы. приборы релейной защиты и автоматического контроля. установки ии приборы для испытания электрооборудования,Нет,РБ,Нет,шт.,Нет,,,0
Цифровой преобразователь ЦВ 9255 Р 1 1 0 1 2 (110000/100),9030331000,380,Нет,Энергосоюз,06.10.2017,,,1.1 Электротехническое оборудование: Радио-. электроизмерительные приборы. приборы релейной защиты и автоматического контроля. установки ии приборы для испытания электрооборудования,Нет,РБ,Нет,шт.,Нет,,,0
Цифровой преобразователь ЦВ 9255 Р 1 1 0 1 2 (35000/100),9030331000,380,Нет,Энергосоюз,06.10.2017,,,1.1 Электротехническое оборудование: Радио-. электроизмерительные приборы. приборы релейной защиты и автоматического контроля. установки ии приборы для испытания электрооборудования,Нет,РБ,Нет,шт.,Нет,,,0
Цифровой преобразователь ЦП8501/14,9030331000,500,Нет,,30.07.2020,Iвх=0-5А. Iвых=4-20мА. RS485. 220В. кл.точности 0.5,,1.1 Электротехническое оборудование: Радио-. электроизмерительные приборы. приборы релейной защиты и автоматического контроля. установки ии приборы для испытания электрооборудования,Нет,РБ,Нет,шт.,Нет,,,0
Цифровой преобразователь ЦП8507/2,9030331000,502,Нет,Электроприбор,30.12.2016,Iвх=0-5А. Iвых=4-20мА. RS485. 220В. кл.точности 0.5,,1.1 Электротехническое оборудование: Радио-. электроизмерительные приборы. приборы релейной защиты и автоматического контроля. установки ии приборы для испытания электрооборудования,Нет,РБ,Нет,шт.,Нет,,,0
Цифровой преобразователь ЦП8512,9030331000,502,Нет,Электроприбор,30.12.2016,,,1.1 Электротехническое оборудование: Радио-. электроизмерительные приборы. приборы релейной защиты и автоматического контроля. установки ии приборы для испытания электрооборудования,Нет,РБ,Нет,шт.,Нет,,,0
Цоколь GUC-11 к реле RUC на рейку DIN 35мм или панель,8536,8.39,Да,Relpol,16.08.2018,,,2.1 Комплектующие и материалы: Реле. контакторы всех типов,Нет,Нет,Нет,шт.,Нет,,,0
Цоколь GZT-4 к реле R4N на рейку DIN 35мм или панель,8536,3.16,Да,Relpol,05.10.2017,,,2.1 Комплектующие и материалы: Реле. контакторы всех типов,Нет,Нет,Нет,шт.,Нет,,,0
Часть к замку CT «Mesan»,8301401100,1.5,Нет,Mesan. Турция,30.07.2020,,,Хозтовары и хозинветарь,Нет,Нет,Нет,шт,Нет,,,https://www.mesanlocks.com/YuklenenDosyalar/UrunKataloglari/139344f8-e41b-4873-bc9c-02ca2b92d44a.pdf
Часть к замку CY.1.20 «Mesan»,8301401100,15,Нет,Mesan. Турция,30.07.2020,,,Хозтовары и хозинветарь,Нет,Нет,Нет,шт,Нет,,,https://www.mesanlocks.com/YuklenenDosyalar/UrunKataloglari/139344f8-e41b-4873-bc9c-02ca2b92d44a.pdf
Часть к замку IC.2.1000 «Mesan»,8301401100,5,Нет,Mesan. Турция,30.07.2020,,,Хозтовары и хозинветарь,Нет,Нет,Нет,шт,Нет,,,https://www.mesanlocks.com/YuklenenDosyalar/UrunKataloglari/139344f8-e41b-4873-bc9c-02ca2b92d44a.pdf
Шкаф АРН двух трансформаторов (на МР-851),853710,16000,Нет,"РУП ""БЭМН""",30.07.2020,,,1.1 Электротехническое оборудование: Щитовая продукция (ящики силовые. шкафы вводно-распределительные. щиты освещения и т.д.),,,,шт,Нет,,,0
Шкаф зажммов ТН ШЗН-1В,853710,2000,Нет,"РУП ""БЭМН""",04.11.2020,,,1.1 Электротехническое оборудование: Щитовая продукция (ящики силовые. шкафы вводно-распределительные. щиты освещения и т.д.),,,,,Нет,,,0
Шкаф защиты трансформатора (2 комплекса на МР-801),853710,24000,Нет,"РУП ""БЭМН""",30.07.2020,,,1.1 Электротехническое оборудование: Щитовая продукция (ящики силовые. шкафы вводно-распределительные. щиты освещения и т.д.),,,,,Нет,,,0
Шкаф отбора напряжения ШОН,8536,1500,Да,,,,,1.1 Электротехническое оборудование: Щитовая продукция (ящики силовые. шкафы вводно-распределительные. щиты освещения и т.д.),Нет,Нет,Нет,шт.,Нет,,,
Шкаф промежуточных зажимов,853710,3200,Нет,"РУП ""БЭМН""",30.07.2020,,,1.1 Электротехническое оборудование: Щитовая продукция (ящики силовые. шкафы вводно-распределительные. щиты освещения и т.д.),Нет,РБ,Есть,шт.,Нет,,,0
Шкаф РЗА (металлоконструкция),853710,1000,Нет,ЦРО,05.11.2020,,,1.1 Электротехническое оборудование: Щитовая продукция (ящики силовые. шкафы вводно-распределительные. щиты освещения и т.д.),Нет,РБ,Есть,шт.,Нет,,,0
Шкаф РЗА ВЛ-110кВ (2 комплекса),8536,25650,Нет,"РУП ""БЭМН""",16.02.2021,,,1.1 Электротехническое оборудование: Щитовая продукция (ящики силовые. шкафы вводно-распределительные. щиты освещения и т.д.),Нет,РБ,Есть,шт.,Нет,,,0
Шкаф телемеханики с ПНР,853710,80000,Нет,,,,,1.1 Электротехническое оборудование: Щитовая продукция (ящики силовые. шкафы вводно-распределительные. щиты освещения и т.д.),,,,шт.,Нет,,,0
Шкаф ЦРО РЗА трансформатора 35кВ ,853710,700,Нет,,30.07.2020,,,1.1 Электротехническое оборудование: Щитовая продукция (ящики силовые. шкафы вводно-распределительные. щиты освещения и т.д.),Нет,РБ,Есть,шт.,Нет,,,0
"Щетка-метла круглая с черенком (СООО ""Браш Мастер"" РБ)",4814907009,10,Нет,,10.05.2019,Толщина полипропиленовой нити от 1 до 4мм,,Хозтовары и хозинветарь,Нет,Есть,,шт.,Нет,,,0
Экспресс-тест на наркотики,3822000000,9,Да,,30.07.2020,,,Хозтовары и хозинветарь,,Нет,Нет,шт.,Да,,,
Электромонтажные клещи(1000V.KNIPEX 13 96 200),8203,160,Да,,31.01.2019,Захват круглых и плоских поверхностей. загибание. снятие фаски. резка кабеля. снятие изоляции. обжимка контактных гильз.,,Слесарный. монтажный. строительный. образивный инструмент и электроинструмент,Нет,Да,Нет,шт.,Нет,,,0
Электрочайник,8516797000,25,Нет,,30.07.2020,,,Хозтовары и хозинветарь,,РБ,Нет,шт.,Да,,,
Элемент настройки для высокочастотного заградителя ВЗ – 2000 – 0.5 – УХЛ1 (130 – 1000кГц),8535400000,2500,Да,,03.05.2021,"Номинальное напряжение ВЛ -330кВ; номинальный длительный ток - 2000 А; Индуктивность реактора ВЗ -0.5 мГн; Полоса частот заграждения (130 - 1000)кГц; Активная состав-ляющая полного сопротивления. Ом. не менее- 470.
",,1.1 Электротехническое оборудование: Радио-. электроизмерительные приборы. приборы релейной защиты и автоматического контроля. установки ии приборы для испытания электрооборудования,,нет,нет,шт.,,,,
Эмаль ПФ-115 синяя-транспортная 2 кг.,8203,17,Нет,,11.03.2021,,,Строительные материалы,Нет,Есть,Нет,шт.,Нет,,,
Эмаль ПФ-115 белая 2 кг.,8203,17,Нет,,11.03.2021,,,Строительные материалы,Нет,Есть,Нет,шт.,Нет,,,0
Эмаль ПФ-115 чёрная 2 кг.,8203,17,Нет,,11.03.2021,,,Строительные материалы,Нет,Есть,Нет,шт.,Нет,,,0
Эмаль ПФ-266 для пола светло-коричневая 2 кг.,8203,14,Нет,,31.01.2019,,,Строительные материалы,,,,шт.,Нет,,,0
Ящик для инструмента(полипропилен. PARAT PROFI-LINE XL-5811000391),8203,128,Да,,31.01.2019,,,Слесарный. монтажный. строительный. образивный инструмент и электроинструмент,Нет,РБ,Нет,шт.,Нет,,,0
Ящик клеммный для Р-110кВ,8536,496,Нет,ЦРО,16.08.2018,,,1.1 Электротехническое оборудование: Щитовая продукция (ящики силовые. шкафы вводно-распределительные. щиты освещения и т.д.),Нет,РБ,Есть,шт.,Нет,,,0
Ящик РЗА (металлоконструкция),8536,500,Нет,ЦРО,14.01.2015,,,1.1 Электротехническое оборудование: Щитовая продукция (ящики силовые. шкафы вводно-распределительные. щиты освещения и т.д.),Нет,РБ,Есть,шт.,Нет,,,0
DIN-рейка 35мм для клемм 2м,8536,18.8,Да,,16.08.2018,,,Электроаппараты,Нет,Нет,Нет,шт.,Нет,,,0
DIN-рейка 35мм для клемм 60 см,8536,1.8,Да,,16.08.2018,,,Электроаппараты,Нет,Нет,Нет,шт.,Нет,,,0